time_intervals,r0,r1,r2,r3,r4,r5,r6,r7,r8,r9,r10,r11,r12,r13,r14,r15,pkt_get,pkt_data,pkt_put,pkt_ack,inport_local,inport_north,inport_south,inport_east,inport_west,outport_local,outport_north,outport_south,outport_east,outport_west,target,tot_packets,tot_mean
10000,613,194,105,48,385,110,105,70,264,153,110,50,84,66,34,12,375,1866,135,27,618,695,711,179,200,613,179,200,699,712,1,2391,159.4
10000,675,825,201,95,445,521,179,117,300,423,174,86,114,232,118,48,728,3627,165,33,1254,1479,1076,351,393,1246,351,393,1486,1077,0,4505,300.3333333333333
20000,707,860,384,171,419,406,182,76,207,264,139,52,92,178,158,72,575,2880,760,152,1209,1072,1085,453,548,1215,453,548,1067,1084,0,4295,286.3333333333333
20000,629,266,202,89,337,122,129,50,175,86,84,23,74,64,67,30,314,1579,445,89,624,544,700,232,327,629,232,327,540,699,1,2397,159.8
30000,672,266,172,86,316,108,80,65,200,78,74,45,104,89,81,30,286,1430,625,125,672,553,586,293,362,672,293,362,553,586,1,2436,162.4
30000,776,1015,467,235,375,437,205,169,232,285,145,112,116,224,206,108,555,2782,1475,295,1425,1148,1033,723,778,1426,723,778,1146,1034,0,4999,333.26666666666665
40000,697,290,196,109,341,115,72,84,236,99,74,76,129,101,87,43,311,1520,765,153,697,614,639,385,414,697,385,414,614,639,1,2706,180.4
40000,782,1027,409,217,418,465,190,142,287,313,161,126,171,214,179,108,567,2812,1525,305,1434,1207,1015,806,747,1430,806,747,1207,1019,0,5101,340.06666666666666
50000,558,243,152,79,249,102,91,67,165,100,77,54,47,41,65,29,187,970,802,160,558,397,436,350,378,557,350,379,397,436,1,2090,139.33333333333334
50000,690,941,445,242,367,378,198,151,184,199,106,76,65,103,78,54,387,1944,1626,320,1296,754,827,654,746,1298,655,748,754,822,0,4223,281.53333333333336
60000,851,1082,532,258,511,441,221,137,295,321,233,142,155,206,179,78,513,2565,2134,430,1505,1170,1014,1024,929,1507,1023,928,1170,1014,0,5564,370.93333333333334
60000,767,350,298,164,411,125,161,115,237,73,114,73,118,83,107,42,301,1475,1223,239,767,612,691,552,616,768,552,615,612,691,1,3196,213.06666666666666
70000,822,709,345,188,463,369,215,224,289,195,102,104,130,148,118,108,403,2000,1775,351,1135,908,850,827,809,1136,827,808,908,850,0,4421,294.73333333333335
70000,762,326,242,139,388,150,139,163,226,83,84,79,89,83,77,78,269,1355,1235,249,762,578,635,526,607,762,526,607,578,635,1,3030,202.0
80000,606,330,234,120,264,60,120,84,180,114,156,78,72,66,60,96,217,1115,1085,223,606,462,570,450,552,606,450,552,462,570,0,2544,169.6
80000,555,301,252,126,227,31,120,78,185,121,186,78,77,66,66,108,215,1095,1053,214,555,459,569,447,547,555,447,547,459,569,1,2469,164.6
90000,534,300,210,120,210,60,114,102,132,60,114,42,72,78,96,84,197,955,985,191,534,384,498,402,510,534,402,510,384,498,0,2244,149.6
90000,507,240,204,120,246,66,114,114,156,66,108,54,96,102,126,108,204,1020,1002,201,507,462,502,462,494,507,462,494,462,502,1,2319,154.6
100000,528,264,210,132,216,24,96,102,150,72,138,72,84,84,108,120,200,1000,1000,200,528,426,510,426,510,528,426,510,426,510,0,2280,152.0
100000,505,216,180,96,253,30,102,102,174,84,156,78,102,102,102,108,199,995,997,199,505,480,462,481,462,505,481,462,480,462,1,2282,152.13333333333333
110000,738,325,247,132,371,126,115,54,221,120,109,66,107,89,54,36,246,1250,1175,239,738,558,556,522,536,738,522,536,558,556,0,2874,191.6
110000,705,334,261,141,335,144,126,56,168,84,66,48,66,48,36,24,221,1105,1099,217,705,441,528,430,538,703,431,539,441,528,1,2618,174.53333333333333
120000,704,350,258,156,341,163,132,126,179,67,42,54,77,54,42,60,237,1195,1143,230,704,474,593,444,590,702,444,592,474,593,0,2745,183.0
120000,746,327,219,129,407,169,138,154,251,139,102,90,101,78,48,55,272,1325,1299,257,747,612,593,604,597,748,603,596,612,594,1,3098,206.53333333333333
130000,493,317,276,132,180,48,60,42,162,96,90,54,66,30,48,17,173,894,865,179,497,330,492,312,480,493,312,480,330,496,1,2094,139.6
130000,562,287,234,126,276,72,84,84,222,132,126,84,90,54,48,24,209,1045,1042,209,562,468,504,468,503,564,468,501,468,504,0,2481,165.4
140000,413,241,210,96,156,30,30,60,156,114,90,96,72,42,36,48,157,791,785,157,408,330,414,330,408,413,330,408,330,409,1,1842,122.8
140000,427,294,258,126,121,36,36,54,121,115,87,83,42,48,48,48,164,796,820,164,431,284,461,294,474,427,294,474,284,465,0,1896,126.4
150000,393,204,180,126,173,18,36,54,167,71,75,85,108,42,36,48,149,769,749,149,389,340,385,330,372,393,330,372,340,381,0,1768,117.86666666666666
150000,480,276,228,144,144,24,36,54,120,48,48,60,72,42,36,48,155,775,775,155,480,264,426,264,426,480,264,426,264,426,1,1812,120.8
160000,224,138,96,60,42,12,6,18,24,12,0,6,6,6,6,12,56,280,276,56,224,54,168,54,168,224,54,168,54,168,0,656,43.733333333333334
160000,60,42,24,12,18,12,0,0,0,0,0,0,0,0,0,0,14,70,70,14,60,12,42,12,42,60,12,42,12,42,1,168,11.2
170000,84,48,48,36,36,12,24,18,24,12,18,12,12,0,0,0,32,160,160,32,84,54,96,54,96,84,54,96,54,96,1,384,25.6
170000,84,48,42,30,36,24,24,12,6,6,12,0,0,0,0,0,27,135,135,27,84,36,84,36,84,84,36,84,36,84,0,324,21.6
180000,60,30,12,6,18,6,6,6,18,6,6,6,18,24,18,12,21,105,105,21,60,54,42,54,42,60,54,42,54,42,1,240,16.0
180000,60,24,18,12,36,6,6,12,36,12,12,18,30,24,18,12,28,140,140,28,60,84,54,84,54,60,84,54,84,54,0,324,21.6
190000,84,48,30,24,24,18,12,0,0,0,0,0,0,0,0,0,20,100,100,20,84,18,60,18,60,84,18,60,18,60,0,240,16.0
190000,84,42,36,30,42,24,18,12,12,0,0,0,0,0,0,0,25,125,125,25,84,36,72,36,72,84,36,72,36,72,1,300,20.0
200000,60,24,18,12,36,12,12,18,30,24,18,12,0,0,0,0,23,115,115,23,60,54,54,54,54,60,54,54,54,54,0,276,18.4
200000,66,43,37,30,23,6,7,6,23,24,19,12,5,5,6,0,29,145,115,23,66,51,82,39,74,66,39,74,51,82,1,312,20.8
210000,60,42,30,18,6,0,0,6,6,0,0,6,6,6,6,12,17,85,85,17,60,18,54,18,54,60,18,54,18,54,1,192,12.8
210000,84,60,48,30,12,0,6,6,12,0,6,6,12,12,18,12,27,135,135,27,84,36,84,36,84,84,36,84,36,84,0,312,20.8
220000,84,48,36,36,36,18,0,0,18,12,0,0,0,0,0,0,24,120,120,24,84,36,66,36,66,84,36,66,36,66,0,288,19.2
220000,84,42,30,24,42,18,6,0,24,18,12,0,0,0,0,0,25,125,125,25,84,48,60,48,60,84,48,60,48,60,1,300,20.0
230000,60,24,18,12,36,6,6,12,36,12,12,18,30,24,18,12,28,140,140,28,60,84,54,84,54,60,84,54,84,54,1,324,21.6
230000,60,24,18,6,36,6,12,6,36,18,24,12,24,18,12,0,26,130,130,26,60,78,48,78,48,60,78,48,78,48,0,312,20.8
240000,84,60,54,36,24,18,12,0,0,0,0,0,0,0,0,0,24,120,120,24,84,18,84,18,84,84,18,84,18,84,1,288,19.2
240000,414,408,408,120,6,0,0,6,6,0,0,6,6,6,6,12,119,575,595,115,414,18,468,18,486,414,18,486,18,468,0,1392,92.8
250000,84,42,30,30,42,18,6,12,36,18,0,0,18,12,0,0,29,145,145,29,84,66,66,66,66,84,66,66,66,66,1,348,23.2
250000,150,120,114,108,30,24,18,12,0,0,0,0,0,0,0,0,46,250,230,50,150,24,198,24,180,150,24,180,24,198,0,576,38.4
260000,84,42,30,24,42,12,6,0,42,18,6,0,24,18,12,0,30,150,150,30,84,78,60,78,60,84,78,60,78,60,0,360,24.0
260000,60,36,24,6,12,0,6,6,12,0,6,6,12,12,18,12,19,95,95,19,60,36,48,36,48,60,36,48,36,48,1,216,14.4
270000,60,42,30,18,6,0,0,6,6,0,0,6,6,6,6,12,17,85,85,17,60,18,54,18,54,60,18,54,18,54,0,192,12.8
270000,84,54,48,42,30,18,18,12,18,12,0,0,0,0,0,0,28,140,140,28,84,36,90,36,90,84,36,90,36,90,1,336,22.4
280000,84,48,42,30,36,18,24,12,24,18,12,0,0,0,0,0,29,145,145,29,84,48,84,48,84,84,48,84,48,84,0,348,23.2
280000,84,42,36,30,30,6,6,6,30,18,18,12,18,12,0,0,29,145,145,29,84,60,72,60,72,84,60,72,60,72,1,348,23.2
290000,84,48,30,30,24,6,0,6,24,12,6,12,18,12,0,0,26,130,130,26,84,48,66,48,66,84,48,66,48,66,0,312,20.8
290000,60,42,24,12,18,12,0,0,0,0,0,0,0,0,0,0,14,70,70,14,60,12,42,12,42,60,12,42,12,42,1,168,11.2
300000,84,48,48,36,36,12,24,18,24,12,18,12,12,0,0,0,32,160,160,32,84,54,96,54,96,84,54,96,54,96,1,384,25.6
300000,60,36,30,12,24,18,12,0,0,0,0,0,0,0,0,0,16,80,80,16,60,18,48,18,48,60,18,48,18,48,0,192,12.8
310000,60,30,12,6,18,6,6,6,18,6,6,6,18,24,18,12,21,105,105,21,60,54,42,54,42,60,54,42,54,42,1,240,16.0
310000,84,48,42,36,36,12,12,18,30,18,18,12,18,12,0,0,33,165,165,33,84,66,90,66,90,84,66,90,66,90,0,396,26.4
320000,74,42,36,30,31,24,18,12,0,0,0,0,0,0,0,0,22,110,113,22,74,24,72,25,72,72,27,72,24,72,1,267,17.8
320000,78,43,31,30,23,0,1,6,11,0,1,6,11,11,12,12,26,130,100,20,78,39,70,27,62,78,27,62,39,70,0,264,17.6
330000,60,24,12,6,36,30,18,12,18,12,0,0,0,0,0,0,19,95,95,19,60,42,42,42,42,60,42,42,42,42,0,228,15.2
330000,82,48,42,30,35,6,12,6,36,24,24,12,6,6,12,0,32,160,157,32,82,66,84,65,84,84,63,84,66,84,1,381,25.4
340000,84,48,48,36,24,0,12,12,24,12,24,18,12,12,18,12,33,165,165,33,84,60,96,60,96,84,60,96,60,96,0,384,25.6
340000,268,249,237,6,6,0,0,6,6,0,0,6,6,6,6,12,67,335,345,67,268,18,252,18,258,267,18,259,18,252,1,802,53.46666666666667
350000,308,279,273,216,30,12,0,0,12,0,0,0,0,0,0,0,95,475,465,95,308,24,390,24,384,309,24,383,24,390,1,1130,75.33333333333333
350000,60,42,24,12,18,12,0,0,0,0,0,0,0,0,0,0,14,70,70,14,60,12,42,12,42,60,12,42,12,42,0,168,11.2
360000,60,24,12,6,36,12,6,6,36,30,18,12,18,12,0,0,24,120,120,24,60,72,42,72,42,60,72,42,72,42,1,288,19.2
360000,72,42,36,30,30,6,6,6,30,24,18,12,0,0,0,0,26,130,130,26,72,48,72,48,72,72,48,72,48,72,0,312,20.8
370000,84,54,48,30,30,6,6,6,30,6,6,6,30,24,18,12,33,165,165,33,84,72,84,72,84,84,72,84,72,84,0,384,25.6
370000,84,60,60,42,24,0,6,6,12,0,6,6,12,12,18,12,30,150,150,30,84,42,96,42,96,84,42,96,42,96,1,348,23.2
380000,60,24,12,6,36,30,18,12,18,12,0,0,0,0,0,0,19,95,95,19,60,42,42,42,42,60,42,42,42,42,1,228,15.2
380000,60,30,24,18,30,24,18,12,0,0,0,0,0,0,0,0,18,90,90,18,60,24,54,24,54,60,24,54,24,54,0,216,14.4
390000,84,42,36,30,30,6,6,6,30,6,6,6,30,24,18,12,31,155,155,31,84,72,72,72,72,84,72,72,72,72,1,360,24.0
390000,84,42,30,24,42,12,6,0,42,18,6,0,24,18,12,0,30,150,150,30,84,78,60,78,60,84,78,60,78,60,0,360,24.0
400000,60,42,30,18,6,0,0,6,6,0,0,6,6,6,6,12,17,85,85,17,60,18,54,18,54,60,18,54,18,54,0,192,12.8
400000,72,66,54,36,6,6,12,0,0,0,0,0,0,0,0,0,21,105,105,21,72,6,84,6,84,72,6,84,6,84,1,252,16.8
410000,84,48,42,30,36,18,24,12,24,18,12,0,0,0,0,0,29,145,145,29,84,48,84,48,84,84,48,84,48,84,0,348,23.2
410000,60,24,18,12,36,12,12,18,30,24,18,12,0,0,0,0,23,115,115,23,60,54,54,54,54,60,54,54,54,54,1,276,18.4
420000,84,48,30,30,24,6,0,6,24,12,6,12,18,12,0,0,26,130,130,26,84,48,66,48,66,84,48,66,48,66,0,312,20.8
420000,84,54,36,24,18,6,0,0,18,6,0,0,18,12,0,0,23,115,115,23,84,36,60,36,60,84,36,60,36,60,1,276,18.4
430000,60,30,24,18,30,24,18,12,0,0,0,0,0,0,0,0,18,90,90,18,60,24,54,24,54,60,24,54,24,54,1,216,14.4
430000,60,36,30,12,24,18,12,0,0,0,0,0,0,0,0,0,16,80,80,16,60,18,48,18,48,60,18,48,18,48,0,192,12.8
440000,84,48,42,30,36,6,12,6,36,18,24,12,24,18,12,0,34,170,170,34,84,78,84,78,84,84,78,84,78,84,1,408,27.2
440000,84,48,42,36,36,12,12,18,30,18,18,12,18,12,0,0,33,165,165,33,84,66,90,66,90,84,66,90,66,90,0,396,26.4
450000,84,48,36,30,24,0,6,6,12,0,6,6,12,12,18,12,26,130,130,26,84,42,72,42,72,84,42,72,42,72,0,300,20.0
450000,84,48,30,30,24,12,0,6,6,0,0,6,6,6,6,12,23,115,115,23,84,30,66,30,66,84,30,66,30,66,1,264,17.6
460000,60,24,12,6,36,30,18,12,18,12,0,0,0,0,0,0,19,95,95,19,60,42,42,42,42,60,42,42,42,42,0,228,15.2
460000,60,24,18,6,36,18,24,12,24,18,12,0,0,0,0,0,21,105,105,21,60,48,48,48,48,60,48,48,48,48,1,252,16.8
470000,72,48,48,36,24,0,12,12,24,12,24,18,12,12,18,12,32,160,160,32,72,60,96,60,96,72,60,96,60,96,0,372,24.8
470000,84,54,42,36,18,0,6,12,18,6,12,18,12,12,18,12,30,150,150,30,84,48,90,48,90,84,48,90,48,90,1,348,23.2
480000,66,42,24,12,12,6,0,0,0,0,0,0,0,0,0,0,15,60,75,12,66,6,36,12,42,66,12,42,6,36,0,162,10.8
480000,84,54,48,36,30,12,0,0,12,0,0,0,0,0,0,0,23,115,115,23,84,24,72,24,72,84,24,72,24,72,1,276,18.4
490000,60,24,12,6,36,12,6,6,36,30,18,12,18,12,0,0,24,120,120,24,60,72,42,72,42,60,72,42,72,42,1,288,19.2
490000,78,42,36,30,36,12,6,6,30,24,18,12,0,0,0,0,26,145,130,29,78,54,78,48,72,78,48,72,54,78,0,330,22.0
500000,84,54,48,30,30,6,6,6,30,6,6,6,30,24,18,12,33,165,165,33,84,72,84,72,84,84,72,84,72,84,0,384,25.6
500000,84,60,60,42,24,0,6,6,12,0,6,6,12,12,18,12,30,150,150,30,84,42,96,42,96,84,42,96,42,96,1,348,23.2
510000,60,24,12,6,36,30,18,12,18,12,0,0,0,0,0,0,19,95,95,19,60,42,42,42,42,60,42,42,42,42,1,228,15.2
510000,60,30,24,18,30,24,18,12,0,0,0,0,0,0,0,0,18,90,90,18,60,24,54,24,54,60,24,54,24,54,0,216,14.4
520000,75,42,36,30,30,6,6,6,30,6,6,6,30,24,18,12,30,150,153,30,75,72,72,72,72,75,72,72,72,72,1,351,23.4
520000,84,42,30,24,42,12,6,0,42,18,6,0,24,18,12,0,30,150,150,30,84,78,60,78,60,84,78,60,78,60,0,360,24.0
530000,81,66,54,36,6,6,12,0,0,0,0,0,0,0,0,0,22,110,107,22,81,6,84,6,84,81,6,84,6,84,1,261,17.4
530000,60,42,30,18,6,0,0,6,6,0,0,6,6,6,6,12,17,85,85,17,60,18,54,18,54,60,18,54,18,54,0,192,12.8
540000,84,48,42,30,36,18,24,12,24,18,12,0,0,0,0,0,29,145,145,29,84,48,84,48,84,84,48,84,48,84,0,348,23.2
540000,60,24,18,12,36,12,12,18,30,24,18,12,0,0,0,0,23,115,115,23,60,54,54,54,54,60,54,54,54,54,1,276,18.4
550000,168,138,120,24,18,6,0,0,18,6,0,0,18,12,0,0,44,220,220,44,168,36,144,36,144,168,36,144,36,144,1,528,35.2
550000,84,48,30,30,24,6,0,6,24,12,6,12,18,12,0,0,26,130,130,26,84,48,66,48,66,84,48,66,48,66,0,312,20.8
560000,60,36,30,12,24,18,12,0,0,0,0,0,0,0,0,0,16,80,80,16,60,18,48,18,48,60,18,48,18,48,0,192,12.8
560000,408,390,384,192,18,12,0,0,0,0,0,0,0,0,0,0,117,585,585,117,408,12,486,12,486,408,12,486,12,486,1,1404,93.6
570000,84,48,42,36,36,12,12,18,30,18,18,12,18,12,0,0,33,165,165,33,84,66,90,66,90,84,66,90,66,90,0,396,26.4
570000,84,48,48,36,36,12,24,18,24,12,18,12,12,0,0,0,32,160,160,32,84,54,96,54,96,84,54,96,54,96,1,384,25.6
580000,60,30,12,6,18,6,6,6,18,6,6,6,18,24,18,12,21,105,105,21,60,54,42,54,42,60,54,42,54,42,1,240,16.0
580000,79,48,36,30,19,0,6,6,12,0,6,6,12,12,18,12,26,120,130,26,79,37,72,42,72,79,42,72,37,72,0,290,19.333333333333332
590000,64,24,12,6,41,30,18,12,18,12,0,0,0,0,0,0,19,104,95,19,65,46,42,42,42,64,42,42,47,42,0,237,15.8
590000,84,42,36,30,42,24,18,12,12,0,0,0,0,0,0,0,25,125,125,25,84,36,72,36,72,84,36,72,36,72,1,300,20.0
600000,78,54,48,36,24,6,12,12,24,24,24,18,6,6,12,6,36,145,180,29,78,54,84,72,102,78,72,102,54,84,1,384,25.6
600000,73,48,48,36,24,0,12,12,24,12,24,18,12,12,18,12,32,161,160,32,72,61,96,60,96,73,60,96,60,96,0,373,24.866666666666667
610000,60,36,24,12,12,0,0,0,0,0,0,0,0,0,0,0,12,60,60,12,60,6,36,6,36,60,6,36,6,36,0,144,9.6
610000,66,36,24,12,18,0,0,0,6,0,0,0,6,6,6,6,12,95,60,19,66,24,54,6,36,66,6,36,24,54,1,180,12.0
620000,84,48,36,30,36,18,6,6,30,24,18,12,0,0,0,0,29,145,145,29,84,54,78,54,78,84,54,78,54,78,0,348,23.2
620000,72,42,30,24,30,18,6,0,24,18,12,0,0,0,0,0,23,115,115,23,72,42,60,42,60,72,42,60,42,60,1,276,18.4
630000,62,25,18,12,36,6,6,12,36,12,12,18,30,24,18,12,28,140,143,28,62,84,54,84,55,60,84,57,84,54,1,327,21.8
630000,84,54,48,30,30,6,6,6,30,6,6,6,30,24,18,12,33,165,165,33,84,72,84,72,84,84,72,84,72,84,0,384,25.6
640000,60,30,24,18,30,24,18,12,0,0,0,0,0,0,0,0,18,90,90,18,60,24,54,24,54,60,24,54,24,54,0,216,14.4
640000,82,59,54,36,24,18,12,0,0,0,0,0,0,0,0,0,24,120,117,24,82,18,84,18,83,84,18,81,18,84,1,285,19.0
650000,84,42,30,24,42,12,6,0,42,18,6,0,24,18,12,0,30,150,150,30,84,78,60,78,60,84,78,60,78,60,0,360,24.0
650000,84,42,30,30,42,18,6,12,36,18,0,0,18,12,0,0,29,145,145,29,84,66,66,66,66,84,66,66,66,66,1,348,23.2
660000,220,202,189,6,6,0,0,6,6,0,0,6,6,6,6,12,55,275,286,55,220,18,204,18,211,219,18,212,18,204,0,659,43.93333333333333
660000,60,36,24,6,12,0,6,6,12,0,6,6,12,12,18,12,19,95,95,19,60,36,48,36,48,60,36,48,36,48,1,216,14.4
670000,84,54,48,42,30,18,18,12,18,12,0,0,0,0,0,0,28,140,140,28,84,36,90,36,90,84,36,90,36,90,1,336,22.4
670000,351,332,333,222,19,12,18,12,7,0,0,0,0,0,0,0,111,540,544,111,351,14,462,24,455,352,24,454,14,462,0,1306,87.06666666666666
680000,148,75,69,42,72,12,18,24,42,30,36,24,18,12,0,0,51,255,265,51,148,102,132,102,138,147,102,139,102,132,1,622,41.46666666666667
680000,59,24,12,6,35,12,6,6,35,30,18,12,12,6,0,0,24,110,120,19,59,64,36,72,42,59,72,42,64,36,0,273,18.2
690000,584,309,183,96,204,78,66,36,132,54,42,18,84,66,54,12,169,845,835,169,584,324,396,324,390,585,324,389,324,396,1,2006,133.73333333333332
690000,585,315,212,110,198,48,54,31,120,54,60,30,90,72,54,12,167,860,846,172,585,324,414,307,415,583,308,416,324,414,0,2033,135.53333333333333
700000,471,297,94,52,151,96,54,47,79,30,6,18,13,6,6,12,122,590,599,121,472,170,306,185,299,473,184,298,171,306,0,1420,94.66666666666667
700000,307,156,102,54,129,77,48,24,60,24,18,18,18,6,6,12,89,436,445,89,312,151,218,156,222,307,156,222,153,221,1,1047,69.8
710000,353,216,84,42,135,67,42,30,54,24,18,12,12,0,0,0,90,459,450,90,348,143,232,138,228,353,138,228,141,229,1,1089,72.6
710000,354,192,144,90,161,72,60,30,65,30,30,12,17,0,0,0,103,535,515,104,353,178,282,162,282,354,162,282,177,282,0,1257,83.8
720000,228,162,36,18,66,36,30,24,48,30,24,18,30,24,18,12,67,335,335,67,228,126,162,126,162,228,126,162,126,162,0,792,52.8
720000,240,156,48,30,84,36,42,48,60,30,24,18,30,24,18,12,75,375,375,75,240,144,186,144,186,240,144,186,144,186,1,888,59.2
730000,264,210,72,66,42,18,18,30,30,6,6,6,18,24,18,12,70,350,350,70,264,78,210,78,210,264,78,210,78,210,0,828,55.2
730000,132,90,72,54,30,6,6,6,18,6,6,6,18,24,18,12,42,210,210,42,132,60,126,60,126,132,60,126,60,126,1,492,32.8
740000,156,126,36,18,30,24,18,12,0,0,0,0,0,0,0,0,35,175,175,35,156,24,108,24,108,156,24,108,24,108,0,420,28.0
740000,168,96,54,18,60,54,48,30,24,18,24,12,12,18,12,0,54,270,270,54,168,96,144,96,144,168,96,144,96,144,1,648,43.2
750000,132,66,48,6,54,6,30,6,54,6,30,6,54,48,66,12,52,260,260,52,132,144,102,144,102,132,144,102,144,102,1,612,40.8
750000,132,66,36,12,42,6,12,12,42,18,24,18,30,24,18,12,42,210,210,42,132,96,90,96,90,132,96,90,96,90,0,492,32.8
760000,180,90,72,24,78,24,60,18,48,0,42,6,48,48,90,12,70,350,350,70,180,168,162,168,162,180,168,162,168,162,1,828,55.2
760000,108,60,36,18,36,18,6,6,18,6,6,6,18,24,18,12,33,165,165,33,108,66,78,66,78,108,66,78,66,78,0,384,25.6
770000,132,54,36,6,78,30,36,6,54,24,36,12,42,42,36,0,52,260,260,52,132,150,96,150,96,132,150,96,150,96,1,624,41.6
770000,156,72,42,12,84,36,42,18,54,24,36,12,42,42,36,0,59,295,295,59,156,156,120,156,120,156,156,120,156,120,0,708,47.2
780000,60,24,18,6,36,18,24,12,24,18,12,0,0,0,0,0,21,105,105,21,60,48,48,48,48,60,48,48,48,48,0,252,16.8
780000,108,42,24,12,66,24,18,18,60,42,24,12,24,18,12,0,42,210,210,42,108,120,78,120,78,108,120,78,120,78,1,504,33.6
790000,216,120,90,36,84,36,30,30,54,36,30,30,30,24,18,12,73,365,365,73,216,144,186,144,186,216,144,186,144,186,0,864,57.6
790000,192,114,96,42,66,24,30,24,24,12,24,18,12,12,18,12,60,300,300,60,192,90,174,90,174,192,90,174,90,174,1,708,47.2
800000,60,24,24,18,24,0,6,6,12,0,6,6,12,12,18,12,20,100,100,20,60,42,48,42,48,60,42,48,42,48,0,228,15.2
800000,36,18,6,6,6,0,0,6,6,0,0,6,6,6,6,12,10,50,50,10,36,18,24,18,24,36,18,24,18,24,1,108,7.2
810000,52,46,33,14,6,6,12,2,0,0,0,0,0,0,0,0,13,65,80,13,52,6,48,8,57,50,8,59,6,48,0,171,11.4
810000,96,48,42,18,48,18,24,12,24,18,12,0,0,0,0,0,30,150,150,30,96,54,78,54,78,96,54,78,54,78,1,360,24.0
820000,96,30,12,6,54,24,6,6,48,18,6,6,30,24,18,12,33,165,165,33,96,102,48,102,48,96,102,48,102,48,1,384,25.6
820000,140,38,21,10,90,30,18,16,66,24,18,6,30,24,18,12,48,240,225,48,140,138,78,136,69,142,136,67,138,78,0,549,36.6
830000,36,12,12,6,24,0,6,6,24,12,18,12,12,0,0,0,15,75,75,15,36,42,30,42,30,36,42,30,42,30,1,180,12.0
830000,36,18,12,6,18,6,6,6,18,24,18,12,0,0,0,0,15,75,75,15,36,36,36,36,36,36,36,36,36,36,0,180,12.0
840000,120,84,24,18,36,18,6,6,30,12,12,12,24,18,12,0,36,180,180,36,120,72,84,72,84,120,72,84,72,84,0,432,28.8
840000,168,108,42,30,60,30,18,18,48,30,18,30,18,24,18,12,56,280,280,56,168,114,138,114,138,168,114,138,114,138,1,660,44.0
850000,108,60,54,24,48,12,12,12,42,18,6,18,18,6,6,12,38,190,190,38,108,78,96,78,96,108,78,96,78,96,0,444,29.6
850000,48,24,24,12,24,0,0,0,12,0,0,0,12,0,0,0,13,65,65,13,48,24,30,24,30,48,24,30,24,30,1,156,10.4
860000,108,84,30,24,24,30,24,24,0,0,0,0,0,0,0,0,29,145,145,29,108,24,96,24,96,108,24,96,24,96,1,348,23.2
860000,48,24,6,0,24,18,12,0,0,0,0,0,0,0,0,0,11,55,55,11,48,18,24,18,24,48,18,24,18,24,0,132,8.8
870000,144,60,12,6,84,30,6,6,78,36,12,6,36,18,6,12,46,230,230,46,144,138,66,138,66,144,138,66,138,66,1,540,36.0
870000,144,102,42,30,42,24,12,30,30,18,0,6,12,18,6,12,44,220,220,44,144,72,120,72,120,144,72,120,72,120,0,516,34.4
880000,60,24,18,6,36,6,12,6,36,12,18,6,30,24,18,12,27,135,135,27,60,84,48,84,48,60,84,48,84,48,1,312,20.8
880000,36,12,6,0,24,6,6,0,24,6,6,0,24,18,12,0,15,75,75,15,36,54,18,54,18,36,54,18,54,18,0,180,12.0
890000,96,66,6,6,18,0,0,6,6,0,0,6,6,6,6,12,20,100,100,20,96,24,48,24,48,96,24,48,24,48,0,228,15.2
890000,228,192,12,0,12,0,0,0,0,0,0,0,0,0,0,0,37,185,185,37,228,6,102,6,102,228,6,102,6,102,1,444,29.6
900000,144,120,42,12,12,12,12,0,6,12,0,0,0,0,0,0,31,155,155,31,144,18,96,18,96,144,18,96,18,96,1,372,24.8
900000,204,144,60,24,24,18,0,0,6,12,0,0,0,0,0,0,41,205,205,41,204,24,120,24,120,204,24,120,24,120,0,492,32.8
910000,48,24,24,6,24,12,18,12,12,0,0,0,0,0,0,0,15,75,75,15,48,24,42,24,42,48,24,42,24,42,0,180,12.0
910000,60,36,30,6,24,12,6,12,18,12,0,0,0,0,0,0,18,90,90,18,60,30,48,30,48,60,30,48,30,48,1,216,14.4
920000,96,66,18,6,30,0,12,6,30,18,30,12,12,0,0,0,28,140,140,28,96,54,66,54,66,96,54,66,54,66,1,336,22.4
920000,84,60,30,6,24,6,12,6,24,30,30,12,0,0,0,0,27,135,135,27,84,48,72,48,72,84,48,72,48,72,0,324,21.6
930000,72,42,0,0,18,6,0,0,18,6,0,0,18,12,0,0,16,80,80,16,72,36,24,36,24,72,36,24,36,24,0,192,12.8
930000,48,30,0,0,6,6,0,0,6,6,0,0,6,12,0,0,10,50,50,10,48,18,18,18,18,48,18,18,18,18,1,120,8.0
940000,84,84,24,12,0,0,0,0,0,0,0,0,0,0,0,0,17,85,85,17,84,0,60,0,60,84,0,60,0,60,0,204,13.6
940000,180,180,132,120,0,0,0,0,0,0,0,0,0,0,0,0,51,255,255,51,180,0,216,0,216,180,0,216,0,216,1,612,40.8
950000,84,60,6,0,24,18,12,0,0,0,0,0,0,0,0,0,17,85,85,17,84,18,42,18,42,84,18,42,18,42,0,204,13.6
950000,120,96,30,24,24,18,12,0,0,0,0,0,0,0,0,0,27,135,135,27,120,18,84,18,84,120,18,84,18,84,1,324,21.6
960000,60,42,42,24,18,6,12,18,12,12,18,12,0,0,0,0,23,115,115,23,60,30,78,30,78,60,30,78,30,78,0,276,18.4
960000,48,30,30,12,18,6,12,18,12,12,18,12,0,0,0,0,19,95,95,19,48,30,60,30,60,48,30,60,30,60,1,228,15.2
970000,36,12,6,0,24,6,6,0,24,6,6,0,24,18,12,0,15,75,75,15,36,54,18,54,18,36,54,18,54,18,0,180,12.0
970000,66,42,18,12,24,6,6,0,24,6,6,0,24,18,12,0,23,105,115,21,66,54,42,54,48,66,54,48,54,42,1,264,17.6
980000,72,54,6,6,6,0,0,6,6,0,0,6,6,6,6,12,16,80,80,16,72,18,42,18,42,72,18,42,18,42,0,180,12.0
980000,66,48,6,6,6,0,0,6,6,0,0,6,6,6,6,12,14,80,70,16,66,18,42,18,36,66,18,36,18,42,1,168,11.2
990000,48,24,6,0,24,18,12,0,0,0,0,0,0,0,0,0,11,55,55,11,48,18,24,18,24,48,18,24,18,24,0,132,8.8
990000,48,18,12,6,30,18,12,6,6,6,6,12,0,0,0,0,15,75,75,15,48,30,36,30,36,48,30,36,30,36,1,180,12.0
1000000,84,60,6,6,24,12,6,12,18,12,0,0,0,0,0,0,20,100,100,20,84,30,48,30,48,84,30,48,30,48,1,240,16.0
1000000,84,60,6,6,24,18,6,12,12,0,0,0,0,0,0,0,19,95,95,19,84,24,48,24,48,84,24,48,24,48,0,228,15.2
1010000,72,48,12,6,12,0,6,6,12,12,18,12,0,0,0,0,18,90,90,18,72,24,48,24,48,72,24,48,24,48,1,216,14.4
1010000,84,48,18,6,36,30,18,6,24,36,18,12,0,0,0,0,28,140,140,28,84,60,66,60,66,84,60,66,60,66,0,336,22.4
1020000,48,12,12,6,12,0,6,6,12,0,6,6,12,12,18,12,15,75,75,15,48,36,30,36,30,48,36,30,36,30,1,168,11.2
1020000,48,24,12,6,12,0,6,6,12,0,6,6,12,12,18,12,16,80,80,16,48,36,36,36,36,48,36,36,36,36,0,180,12.0
1030000,48,42,30,12,6,0,6,0,6,6,12,0,0,0,0,0,14,70,70,14,48,12,48,12,48,48,12,48,12,48,0,168,11.2
1030000,36,36,24,12,0,0,0,0,0,0,0,0,0,0,0,0,9,45,45,9,36,0,36,0,36,36,0,36,0,36,1,108,7.2
1040000,60,6,0,0,42,12,0,0,24,0,0,0,0,0,0,0,12,60,60,12,60,36,6,36,6,60,36,6,36,6,0,144,9.6
1040000,48,6,0,0,30,12,0,0,12,0,0,0,0,0,0,0,9,45,45,9,48,24,6,24,6,48,24,6,24,6,1,108,7.2
1050000,96,78,24,18,18,6,6,6,18,24,18,12,0,0,0,0,27,135,135,27,96,36,78,36,78,96,36,78,36,78,0,324,21.6
1050000,108,78,12,6,18,6,6,6,18,24,18,12,0,0,0,0,26,130,130,26,108,36,66,36,66,108,36,66,36,66,1,312,20.8
1060000,84,30,12,12,30,12,6,18,24,12,6,12,18,12,0,0,24,120,120,24,84,54,48,54,48,84,54,48,54,48,0,288,19.2
1060000,72,24,18,6,36,18,24,12,24,6,6,0,24,18,12,0,25,125,125,25,72,66,48,66,48,72,66,48,66,48,1,300,20.0
1070000,48,30,30,18,6,0,0,6,6,0,0,6,6,6,6,12,15,75,75,15,48,18,48,18,48,48,18,48,18,48,1,168,11.2
1070000,84,60,60,24,24,12,24,18,12,0,6,6,12,12,18,12,32,160,160,32,84,48,102,48,102,84,48,102,48,102,0,372,24.8
1080000,48,30,24,24,18,12,0,0,0,0,0,0,0,0,0,0,13,65,65,13,48,12,42,12,42,48,12,42,12,42,0,156,10.4
1080000,36,6,0,0,18,12,0,0,0,0,0,0,0,0,0,0,6,30,30,6,36,12,6,12,6,36,12,6,12,6,1,72,4.8
1090000,48,12,12,6,24,12,18,12,12,0,0,0,0,0,0,0,13,65,65,13,48,24,30,24,30,48,24,30,24,30,0,156,10.4
1090000,36,12,12,6,24,12,18,12,12,0,0,0,0,0,0,0,12,60,60,12,36,24,30,24,30,36,24,30,24,30,1,144,9.6
1100000,216,120,36,24,96,66,36,24,30,12,0,0,12,0,0,0,56,280,280,56,216,96,132,96,132,216,96,132,96,132,1,672,44.8
1100000,240,132,48,30,108,54,18,12,42,12,0,0,24,0,0,0,60,300,300,60,240,108,132,108,132,240,108,132,108,132,0,720,48.0
1110000,60,30,24,6,30,6,6,6,18,6,6,6,18,24,18,12,23,115,115,23,60,60,48,60,48,60,60,48,60,48,0,264,17.6
1110000,168,84,78,6,84,6,72,6,84,6,72,6,84,90,150,12,84,420,420,84,168,252,168,252,168,168,252,168,252,168,1,996,66.4
1120000,48,24,12,0,0,0,0,0,0,0,0,0,0,0,0,0,7,35,35,7,48,0,18,0,18,48,0,18,0,18,1,84,5.6
1120000,36,12,0,0,0,0,0,0,0,0,0,0,0,0,0,0,4,20,20,4,36,0,6,0,6,36,0,6,0,6,0,48,3.2
1130000,184,184,123,108,0,0,2,0,0,0,0,0,0,0,0,0,49,245,258,49,184,0,204,2,211,182,3,212,0,204,0,601,40.06666666666667
1130000,108,102,42,24,6,6,12,0,0,0,0,0,0,0,0,0,25,125,125,25,108,6,90,6,90,108,6,90,6,90,1,300,20.0
1140000,72,48,30,18,24,12,6,12,18,12,0,0,0,0,0,0,21,105,105,21,72,30,60,30,60,72,30,60,30,60,1,252,16.8
1140000,44,20,21,6,24,12,16,12,12,0,0,0,0,0,0,0,15,75,62,15,44,24,42,22,35,46,21,34,24,42,0,167,11.133333333333333
1150000,60,36,36,18,12,0,6,6,12,12,18,12,0,0,0,0,19,95,95,19,60,24,60,24,60,60,24,60,24,60,1,228,15.2
1150000,60,18,12,6,30,6,6,6,30,24,18,12,12,0,0,0,20,100,100,20,60,54,36,54,36,60,54,36,54,36,0,240,16.0
1160000,48,6,0,0,18,6,0,0,18,6,0,0,18,12,0,0,11,55,55,11,48,36,6,36,6,48,36,6,36,6,0,132,8.8
1160000,84,30,24,12,42,18,24,0,30,6,0,0,30,12,0,0,26,130,130,26,84,66,48,66,48,84,66,48,66,48,1,312,20.8
1170000,132,132,24,12,0,0,0,0,0,0,0,0,0,0,0,0,25,125,125,25,132,0,84,0,84,132,0,84,0,84,1,300,20.0
1170000,120,120,12,0,0,0,0,0,0,0,0,0,0,0,0,0,21,105,105,21,120,0,66,0,66,120,0,66,0,66,0,252,16.8
1180000,84,48,6,6,36,18,6,12,12,0,0,0,12,0,0,0,20,100,100,20,84,36,42,36,42,84,36,42,36,42,1,240,16.0
1180000,60,42,12,12,18,12,0,0,0,0,0,0,0,0,0,0,13,65,65,13,60,12,36,12,36,60,12,36,12,36,0,156,10.4
1190000,211,132,42,24,79,48,36,18,25,12,12,12,19,17,12,0,60,279,300,60,216,93,138,108,144,211,108,144,93,143,0,699,46.6
1190000,192,120,30,18,60,18,24,24,48,12,12,18,42,24,18,12,56,280,280,56,192,114,126,114,126,192,114,126,114,126,1,660,44.0
1200000,185,90,36,12,59,6,12,12,59,30,30,18,23,7,6,12,48,261,240,48,180,111,108,96,102,185,96,102,111,103,0,585,39.0
1200000,96,36,18,6,48,6,12,6,48,30,30,12,12,0,0,0,30,150,150,30,96,78,54,78,54,96,78,54,78,54,1,360,24.0
1210000,36,12,6,0,24,6,6,0,24,6,6,0,24,18,12,0,15,75,75,15,36,54,18,54,18,36,54,18,54,18,0,180,12.0
1210000,24,12,6,0,12,6,6,0,12,6,6,0,12,18,12,0,11,55,55,11,24,36,18,36,18,24,36,18,36,18,1,132,8.8
1220000,60,42,30,30,6,0,0,6,6,0,0,6,6,6,6,12,18,90,90,18,60,18,60,18,60,60,18,60,18,60,0,204,13.6
1220000,84,60,36,30,12,0,6,6,12,6,12,6,6,6,6,12,25,125,125,25,84,30,78,30,78,84,30,78,30,78,1,288,19.2
1230000,48,30,0,0,18,12,0,0,0,0,0,0,0,0,0,0,9,45,45,9,48,12,18,12,18,48,12,18,12,18,0,108,7.2
1230000,60,36,6,0,24,18,12,0,0,0,0,0,0,0,0,0,13,65,65,13,60,18,30,18,30,60,18,30,18,30,1,156,10.4
1240000,72,48,12,12,24,6,6,18,18,6,6,12,0,0,0,0,20,100,100,20,72,30,54,30,54,72,30,54,30,54,1,240,16.0
1240000,84,60,12,6,24,12,18,12,12,0,0,0,0,0,0,0,20,100,100,20,84,24,54,24,54,84,24,54,24,54,0,240,16.0
1250000,48,18,12,0,30,12,18,0,24,18,12,0,0,0,0,0,16,80,80,16,48,42,30,42,30,48,42,30,42,30,1,192,12.8
1250000,24,12,6,0,12,6,6,0,12,18,12,0,0,0,0,0,9,45,45,9,24,24,18,24,18,24,24,18,24,18,0,108,7.2
1260000,96,72,24,18,24,6,12,24,18,6,12,18,12,12,18,12,32,160,160,32,96,54,90,54,90,96,54,90,54,90,1,372,24.8
1260000,72,54,18,12,18,0,6,12,18,6,12,18,12,12,18,12,25,125,125,25,72,48,66,48,66,72,48,66,48,66,0,288,19.2
1270000,48,36,12,0,0,0,0,0,0,0,0,0,0,0,0,0,8,40,40,8,48,0,24,0,24,48,0,24,0,24,0,96,6.4
1270000,168,156,12,0,0,0,0,0,0,0,0,0,0,0,0,0,28,140,140,28,168,0,84,0,84,168,0,84,0,84,1,336,22.4
1280000,198,192,144,144,6,0,0,0,0,0,0,0,0,0,0,0,58,280,290,56,198,0,240,6,240,198,6,240,0,240,1,684,45.6
1280000,72,60,12,12,12,0,0,0,0,0,0,0,0,0,0,0,14,70,70,14,72,6,42,6,42,72,6,42,6,42,0,168,11.2
1290000,156,78,66,60,78,18,6,24,72,24,24,42,30,24,18,12,61,305,305,61,156,138,150,138,150,156,138,150,138,150,0,720,48.0
1290000,162,78,66,60,84,18,6,24,72,24,24,42,30,24,18,12,61,315,305,63,162,144,150,138,150,162,138,150,144,150,1,732,48.8
1300000,96,78,24,18,18,6,6,6,18,24,18,12,0,0,0,0,27,135,135,27,96,36,78,36,78,96,36,78,36,78,1,324,21.6
1300000,96,78,24,18,18,6,6,6,18,24,18,12,0,0,0,0,27,135,135,27,96,36,78,36,78,96,36,78,36,78,0,324,21.6
1310000,96,42,24,18,30,12,12,6,24,12,6,12,18,12,0,0,27,135,135,27,96,54,60,54,60,96,54,60,54,60,0,324,21.6
1310000,108,48,24,24,36,18,0,12,30,18,12,24,18,12,0,0,32,160,160,32,108,66,72,66,72,108,66,72,66,72,1,384,25.6
1320000,180,78,78,6,90,0,72,6,90,0,72,6,78,78,150,12,83,415,415,83,180,246,162,246,162,180,246,162,246,162,0,984,65.6
1320000,60,12,12,6,36,0,6,6,36,0,6,6,12,12,18,12,20,100,100,20,60,60,30,60,30,60,60,30,60,30,1,228,15.2
1330000,180,168,168,120,12,0,0,0,12,0,0,0,12,0,0,0,56,280,280,56,180,18,228,18,228,180,18,228,18,228,1,672,44.8
1330000,48,24,24,12,24,0,0,0,12,0,0,0,12,0,0,0,13,65,65,13,48,24,30,24,30,48,24,30,24,30,0,156,10.4
1340000,72,48,42,36,24,18,12,0,0,0,0,0,0,0,0,0,21,105,105,21,72,18,72,18,72,72,18,72,18,72,1,252,16.8
1340000,144,96,78,36,48,54,36,0,0,0,0,0,0,0,0,0,41,205,205,41,144,42,132,42,132,144,42,132,42,132,0,492,32.8
1350000,48,30,18,18,18,6,6,12,12,0,0,0,0,0,0,0,14,70,70,14,48,18,42,18,42,48,18,42,18,42,1,168,11.2
1350000,84,48,36,18,36,24,42,12,12,0,0,0,0,0,0,0,26,130,130,26,84,36,78,36,78,84,36,78,36,78,0,312,20.8
1360000,228,132,90,18,96,60,42,12,54,42,24,0,18,12,0,0,69,345,345,69,228,132,168,132,168,228,132,168,132,168,1,828,55.2
1360000,207,111,66,18,96,62,42,12,54,44,24,0,18,13,0,0,63,315,326,63,207,132,144,137,147,205,139,147,132,144,0,767,51.13333333333333
1370000,60,30,24,18,30,6,6,6,18,6,6,6,18,24,18,12,24,120,120,24,60,60,54,60,54,60,60,54,60,54,1,276,18.4
1370000,45,27,24,18,18,4,6,6,18,4,6,6,18,23,18,12,22,110,99,22,45,54,54,49,51,47,47,51,54,54,0,241,16.066666666666666
1380000,120,108,0,0,0,0,0,0,0,0,0,0,0,0,0,0,19,95,95,19,120,0,54,0,54,120,0,54,0,54,1,228,15.2
1380000,120,108,0,0,0,0,0,0,0,0,0,0,0,0,0,0,19,95,95,19,120,0,54,0,54,120,0,54,0,54,0,228,15.2
1390000,36,36,36,24,0,0,0,0,0,0,0,0,0,0,0,0,11,55,55,11,36,0,48,0,48,36,0,48,0,48,1,132,8.8
1390000,60,54,54,24,6,6,12,0,0,0,0,0,0,0,0,0,18,90,90,18,60,6,72,6,72,60,6,72,6,72,0,216,14.4
1400000,108,78,30,12,30,18,24,24,12,0,0,0,0,0,0,0,28,140,140,28,108,30,84,30,84,108,30,84,30,84,1,336,22.4
1400000,108,78,30,12,30,18,24,24,12,0,0,0,0,0,0,0,28,140,140,28,108,30,84,30,84,108,30,84,30,84,0,336,22.4
1410000,108,48,42,24,36,18,30,0,24,18,12,0,0,0,0,0,30,150,150,30,108,48,78,48,78,108,48,78,48,78,1,360,24.0
1410000,72,24,18,12,24,12,12,18,18,24,18,12,0,0,0,0,22,110,110,22,72,42,54,42,54,72,42,54,42,54,0,264,17.6
1420000,60,36,30,18,24,6,0,6,24,12,6,12,18,12,0,0,22,110,110,22,60,48,54,48,54,60,48,54,48,54,0,264,17.6
1420000,48,12,6,6,36,6,0,6,36,12,6,12,18,12,0,0,18,90,90,18,48,60,24,60,24,48,60,24,60,24,1,216,14.4
1430000,120,108,12,0,0,0,0,0,0,0,0,0,0,0,0,0,20,100,100,20,120,0,60,0,60,120,0,60,0,60,0,240,16.0
1430000,132,120,24,12,0,0,0,0,0,0,0,0,0,0,0,0,24,120,120,24,132,0,78,0,78,132,0,78,0,78,1,288,19.2
1440000,72,48,36,12,12,0,0,0,0,0,0,0,0,0,0,0,15,75,75,15,72,6,48,6,48,72,6,48,6,48,1,180,12.0
1440000,120,72,60,36,36,6,6,18,18,6,6,12,0,0,0,0,33,165,165,33,120,36,102,36,102,120,36,102,36,102,0,396,26.4
1450000,36,24,18,12,12,18,12,0,0,0,0,0,0,0,0,0,11,55,55,11,36,12,36,12,36,36,12,36,12,36,1,132,8.8
1450000,24,12,6,0,12,18,12,0,0,0,0,0,0,0,0,0,7,35,35,7,24,12,18,12,18,24,12,18,12,18,0,84,5.6
1460000,120,96,36,18,24,24,12,12,12,18,12,0,0,0,0,0,32,160,160,32,120,36,96,36,96,120,36,96,36,96,0,384,25.6
1460000,115,97,31,6,18,12,12,12,12,18,12,0,0,0,0,0,30,135,150,30,115,30,80,30,90,115,30,90,30,80,1,345,23.0
1470000,108,72,36,24,36,18,6,18,30,18,6,12,24,24,0,0,36,180,180,36,108,72,90,72,90,108,72,90,72,90,0,432,28.8
1470000,77,53,47,30,24,6,0,6,24,12,6,12,18,12,0,0,26,145,130,26,77,48,82,48,72,77,48,72,48,82,1,327,21.8
1480000,96,60,36,24,36,6,18,18,18,6,18,6,12,12,18,12,33,165,165,33,96,60,90,60,90,96,60,90,60,90,0,384,25.6
1480000,84,72,24,18,12,0,6,6,12,0,6,6,12,12,18,12,25,125,125,25,84,36,72,36,72,84,36,72,36,72,1,288,19.2
1490000,60,36,24,6,12,0,6,6,12,0,6,6,12,12,18,12,19,95,95,19,60,36,48,36,48,60,36,48,36,48,1,216,14.4
1490000,144,90,18,0,6,6,12,0,0,0,0,0,0,0,0,0,23,115,115,23,144,6,60,6,60,144,6,60,6,60,0,276,18.4
1500000,72,24,18,12,24,18,12,0,0,0,0,0,0,0,0,0,15,75,75,15,72,18,36,18,36,72,18,36,18,36,1,180,12.0
1500000,163,108,30,18,35,18,18,6,12,0,6,6,12,12,18,12,40,194,200,40,168,49,101,54,102,163,54,102,53,102,0,462,30.8
1510000,101,78,30,18,19,6,6,12,12,0,0,0,0,0,0,0,23,121,115,23,96,23,73,18,72,101,18,72,19,72,0,282,18.8
1510000,108,84,36,24,24,6,6,18,18,6,6,12,0,0,0,0,29,145,145,29,108,30,90,30,90,108,30,90,30,90,1,348,23.2
1520000,150,72,48,30,78,24,18,18,78,58,42,30,30,28,18,12,62,295,318,59,150,156,126,170,132,148,172,132,156,126,0,722,48.13333333333333
1520000,192,96,66,36,96,48,30,18,78,42,18,6,36,36,18,12,69,345,345,69,192,168,150,168,150,192,168,150,168,150,1,816,54.4
1530000,138,78,66,30,48,0,24,18,48,32,54,30,18,20,18,12,52,275,252,55,138,114,144,100,138,140,98,138,114,144,0,622,41.46666666666667
1530000,186,96,72,24,90,30,60,30,72,24,54,30,42,42,82,12,81,380,409,76,186,192,174,208,186,184,210,186,192,174,1,934,62.266666666666666
1540000,108,72,12,12,24,0,0,12,24,6,6,18,18,6,6,12,28,140,140,28,108,48,66,48,66,108,48,66,48,66,0,324,21.6
1540000,162,90,42,12,60,0,30,12,60,6,36,18,54,42,74,12,57,310,281,62,162,156,132,140,120,164,138,120,156,132,1,698,46.53333333333333
1550000,144,126,54,42,18,0,0,6,18,6,6,12,12,0,0,0,37,185,185,37,144,30,120,30,120,144,30,120,30,120,1,444,29.6
1550000,150,114,66,55,36,0,0,12,36,12,12,24,24,0,0,0,47,215,235,44,151,60,126,60,144,150,60,144,60,127,0,541,36.06666666666667
1560000,126,108,96,95,18,0,0,6,6,6,6,12,0,0,0,0,38,210,190,41,125,18,168,18,150,126,18,150,18,167,0,479,31.933333333333334
1560000,60,36,18,18,24,12,0,6,6,6,6,12,0,0,0,0,17,85,85,17,60,24,48,24,48,60,24,48,24,48,1,204,13.6
1570000,96,54,36,12,42,24,0,0,36,24,0,0,12,0,0,0,28,140,140,28,96,60,60,60,60,96,60,60,60,60,0,336,22.4
1570000,79,42,24,12,37,6,0,0,37,12,0,0,12,0,0,0,23,100,115,23,79,44,42,54,42,79,54,42,44,42,1,261,17.4
1580000,84,30,18,12,42,0,6,12,42,18,24,24,12,0,0,0,27,135,135,27,84,66,54,66,54,84,66,54,66,54,0,324,21.6
1580000,137,66,54,36,59,24,6,12,35,18,24,24,12,0,0,0,41,220,205,41,137,82,108,72,108,137,72,108,82,108,1,507,33.8
1590000,96,78,36,18,18,6,6,6,18,6,6,6,18,24,18,12,31,155,155,31,96,54,84,54,84,96,54,84,54,84,1,360,24.0
1590000,96,78,36,18,18,6,6,6,18,6,6,6,18,24,18,12,31,155,155,31,96,54,84,54,84,96,54,84,54,84,0,360,24.0
1600000,156,78,54,30,54,12,12,18,54,24,24,24,42,42,24,24,56,280,280,56,156,132,126,132,126,156,132,126,132,126,0,648,43.2
1600000,156,78,54,30,54,12,12,18,54,24,24,24,42,42,24,24,56,280,280,56,156,132,126,132,126,156,132,126,132,126,1,648,43.2
1610000,60,42,30,24,18,0,6,0,6,0,6,0,6,6,12,0,18,90,90,18,60,24,54,24,54,60,24,54,24,54,1,216,14.4
1610000,54,42,24,24,12,6,0,0,0,0,0,0,0,0,0,0,15,60,75,12,54,6,42,12,48,54,12,48,6,42,0,162,10.8
1620000,132,78,36,24,42,18,18,12,30,6,12,18,24,12,18,12,41,205,205,41,132,78,102,78,102,132,78,102,78,102,1,480,32.0
1620000,138,78,36,24,48,18,18,12,36,12,12,18,30,24,18,12,43,230,215,46,138,96,108,90,102,138,90,102,96,108,0,522,34.8
1630000,84,60,42,30,24,12,6,12,18,12,0,0,0,0,0,0,25,125,125,25,84,30,78,30,78,84,30,78,30,78,1,300,20.0
1630000,72,48,30,30,24,12,6,12,18,12,0,0,0,0,0,0,22,110,110,22,72,30,66,30,66,72,30,66,30,66,0,264,17.6
1640000,84,36,24,24,48,12,0,0,48,18,0,0,18,12,0,0,27,135,135,27,84,72,48,72,48,84,72,48,72,48,1,324,21.6
1640000,132,66,48,42,66,30,12,6,30,18,0,6,24,18,6,12,43,215,215,43,132,90,102,90,102,132,90,102,90,102,0,504,33.6
1650000,72,18,18,6,30,0,12,6,30,0,12,6,18,18,30,12,24,120,120,24,72,66,42,66,42,72,66,42,66,42,0,276,18.4
1650000,60,24,18,6,24,6,12,6,24,6,12,6,24,30,30,12,25,125,125,25,60,72,48,72,48,60,72,48,72,48,1,288,19.2
1660000,132,96,24,24,24,18,6,18,18,12,0,6,18,30,6,12,37,185,185,37,132,60,96,60,96,132,60,96,60,96,1,432,28.8
1660000,72,36,18,12,24,6,6,0,24,18,12,0,0,0,0,0,19,95,95,19,72,36,42,36,42,72,36,42,36,42,0,228,15.2
1670000,120,102,30,12,6,6,12,0,0,0,0,0,0,0,0,0,24,120,120,24,120,6,78,6,78,120,6,78,6,78,0,288,19.2
1670000,204,156,96,42,24,0,6,6,24,0,6,6,24,12,18,12,53,265,265,53,204,54,162,54,162,204,54,162,54,162,1,624,41.6
1680000,180,96,60,30,72,36,48,30,48,12,30,6,30,36,42,12,64,320,320,64,180,138,156,138,156,180,138,156,138,156,1,756,50.4
1680000,144,66,48,24,66,12,30,18,60,18,36,12,36,30,36,0,53,265,265,53,144,132,114,132,114,144,132,114,132,114,0,636,42.4
1690000,72,48,30,18,24,12,18,12,18,18,18,0,6,6,12,0,26,130,130,26,72,48,72,48,72,72,48,72,48,72,1,312,20.8
1690000,36,24,18,12,12,6,6,0,12,18,12,0,0,0,0,0,13,65,65,13,36,24,36,24,36,36,24,36,24,36,0,156,10.4
1700000,96,78,18,18,18,0,0,6,18,6,6,12,12,0,0,0,24,120,120,24,96,30,66,30,66,96,30,66,30,66,0,288,19.2
1700000,96,78,18,18,18,0,0,6,18,6,6,12,12,0,0,0,24,120,120,24,96,30,66,30,66,96,30,66,30,66,1,288,19.2
1710000,558,276,150,90,198,54,60,42,102,60,42,24,60,54,36,24,155,750,775,150,558,276,348,294,354,558,294,354,276,348,0,1806,120.4
1710000,414,246,138,96,108,30,36,36,48,24,18,12,36,30,24,24,111,545,555,109,414,150,300,156,300,414,156,300,150,300,1,1296,86.4
1720000,744,324,210,90,348,120,96,84,228,108,78,60,132,96,72,48,238,1175,1190,235,744,552,486,552,504,744,552,504,552,486,1,2790,186.0
1720000,720,348,246,120,300,102,84,78,192,96,72,60,108,72,60,48,225,1130,1125,226,720,474,522,462,528,720,462,528,474,522,0,2658,177.2
1730000,701,258,204,42,372,102,162,48,228,72,108,18,102,48,66,12,210,1069,1050,214,702,503,426,498,414,701,498,414,504,426,0,2531,168.73333333333332
1730000,738,288,252,78,366,84,156,48,222,78,114,30,102,48,66,12,221,1130,1105,226,738,498,486,492,468,738,492,468,498,486,1,2670,178.0
1740000,661,378,222,174,270,168,60,132,174,132,60,108,90,108,60,72,239,1196,1195,239,660,493,612,492,612,661,492,612,492,612,0,2797,186.46666666666667
1740000,654,360,192,148,282,162,60,120,192,144,72,108,84,96,60,72,235,1160,1179,232,654,504,564,504,580,652,504,582,504,564,1,2734,182.26666666666668
1750000,618,270,210,74,288,90,114,48,186,66,60,18,102,60,42,12,187,950,931,190,618,414,414,414,398,620,414,396,414,414,1,2246,149.73333333333332
1750000,667,264,210,48,331,84,138,36,222,72,90,18,114,54,54,12,202,1000,1010,202,667,469,402,474,402,667,474,402,469,402,0,2402,160.13333333333333
1760000,607,271,181,85,300,114,108,72,192,96,102,54,78,66,66,36,204,1000,1020,204,607,462,441,462,456,607,462,456,462,441,1,2392,159.46666666666667
1760000,600,300,180,126,276,121,67,97,198,120,84,84,90,90,60,48,213,1050,1065,213,600,480,483,480,498,600,480,498,480,483,0,2493,166.2
1770000,609,298,183,96,275,125,89,83,192,102,60,60,102,90,60,48,203,1040,1026,203,609,467,471,462,463,608,462,464,467,471,0,2424,161.6
1770000,612,329,197,143,271,150,72,120,193,126,54,90,107,102,54,60,223,1119,1115,223,616,483,549,498,534,612,498,534,487,549,1,2620,174.66666666666666
1780000,679,254,199,37,353,90,150,36,221,66,108,18,109,60,66,12,203,1031,1021,203,675,501,396,486,400,677,487,401,497,396,1,2446,163.06666666666666
1780000,632,254,207,60,318,78,132,48,192,60,102,36,96,54,72,24,198,990,979,198,632,450,420,450,413,633,450,412,450,420,0,2341,156.06666666666666
1790000,660,360,192,156,288,180,60,126,204,144,54,96,108,120,60,72,240,1200,1200,240,660,534,576,534,576,660,534,576,534,576,0,2808,187.2
1790000,664,376,221,173,277,168,60,132,181,132,60,108,90,108,60,72,242,1195,1204,241,665,493,612,504,608,666,503,607,494,612,1,2810,187.33333333333334
1800000,672,264,210,48,335,84,144,36,221,72,96,18,108,60,66,12,204,1020,1020,202,671,485,402,474,414,672,474,414,484,402,1,2434,162.26666666666668
1800000,672,264,228,54,348,78,150,42,234,72,114,30,120,60,66,12,212,1060,1060,212,672,504,432,504,432,672,504,432,504,432,0,2532,168.8
1810000,650,350,187,145,276,162,66,126,180,132,72,102,78,90,54,60,227,1135,1141,227,650,480,558,480,562,648,481,563,480,558,0,2670,178.0
1810000,600,306,174,120,270,127,66,108,192,120,84,96,90,72,48,48,210,1050,1050,211,601,462,498,468,492,600,468,492,462,499,1,2473,164.86666666666667
1820000,612,324,204,120,264,143,78,78,180,108,54,54,108,120,66,60,215,1070,1075,213,611,480,498,480,504,612,480,504,480,497,1,2513,167.53333333333333
1820000,550,274,173,95,240,120,78,66,162,90,48,42,96,90,42,36,184,920,914,184,550,408,420,408,416,552,407,415,408,420,0,2166,144.4
1830000,152,62,30,24,66,25,24,36,48,13,12,18,30,24,18,12,47,255,241,51,152,114,114,110,104,151,111,104,114,114,1,582,38.8
1830000,84,36,18,12,36,12,12,18,30,12,6,6,12,12,18,12,28,140,140,28,84,66,60,66,60,84,66,60,66,60,0,324,21.6
1840000,238,112,66,30,102,41,36,24,72,47,36,18,30,24,18,12,76,380,374,76,238,168,168,166,166,239,165,166,168,168,1,894,59.6
1840000,216,102,72,36,102,36,36,30,72,42,42,30,30,24,18,12,75,375,375,75,216,168,174,168,174,216,168,174,168,174,0,888,59.2
1850000,1,0,0,0,0,0,0,0,0,0,0,0,0,0,0,0,0,0,1,0,1,0,0,0,0,0,0,1,0,0,0,1,0.06666666666666667
1850000,36,18,6,6,6,0,0,6,6,6,6,12,0,0,0,0,9,45,45,9,36,12,24,12,24,36,12,24,12,24,1,108,7.2
1860000,120,48,24,12,60,18,12,12,42,18,24,18,30,24,18,12,41,205,205,41,120,108,78,108,78,120,108,78,108,78,1,480,32.0
1860000,119,48,24,12,60,18,12,12,42,18,24,18,30,24,18,12,41,205,204,41,119,108,78,108,78,120,108,77,108,78,0,479,31.933333333333334
1870000,36,12,6,0,24,18,12,0,0,0,0,0,0,0,0,0,9,45,45,9,36,18,18,18,18,36,18,18,18,18,1,108,7.2
1870000,102,42,30,12,60,30,30,18,30,24,24,12,0,0,4,0,37,160,189,32,102,72,72,88,84,100,90,84,72,72,0,418,27.866666666666667
1880000,18,6,6,6,12,0,0,6,12,0,0,6,12,12,14,12,8,65,36,13,18,36,30,20,18,20,18,18,36,30,0,110,7.333333333333333
1880000,84,36,30,18,48,12,18,24,42,24,24,18,12,12,18,12,36,180,180,36,84,90,84,90,84,84,90,84,90,84,1,420,28.0
1890000,168,78,48,24,78,24,12,12,60,30,24,18,30,24,18,12,55,275,275,55,168,132,114,132,114,168,132,114,132,114,0,648,43.2
1890000,169,78,48,18,78,24,18,6,60,24,24,6,36,30,30,12,55,275,276,55,169,138,108,138,108,168,138,109,138,108,1,649,43.266666666666666
1900000,23,12,12,12,12,0,0,12,12,6,6,18,6,6,6,12,13,65,64,13,23,30,36,30,36,24,30,35,30,36,1,143,9.533333333333333
1900000,24,6,0,0,18,6,0,0,18,12,0,0,0,0,0,0,7,35,35,7,24,24,6,24,6,24,24,6,24,6,0,84,5.6
1910000,216,96,78,48,120,18,18,36,108,36,30,42,78,66,54,60,92,460,460,92,216,252,192,252,192,216,252,192,252,192,1,1044,69.6
1910000,288,84,54,24,204,36,18,12,186,48,30,18,54,42,30,12,95,475,475,95,288,294,132,294,132,288,294,132,294,132,0,1128,75.2
1920000,72,24,12,6,48,12,6,6,48,30,18,12,18,12,0,0,27,135,135,27,72,84,42,84,42,72,84,42,84,42,1,324,21.6
1920000,120,60,48,24,60,12,12,12,60,30,24,18,30,24,18,12,47,235,235,47,120,120,102,120,102,120,120,102,120,102,0,552,36.8
1930000,144,54,24,12,78,36,24,18,48,18,6,6,30,24,18,12,46,230,230,46,144,120,84,120,84,144,120,84,120,84,0,540,36.0
1930000,156,72,54,24,84,36,30,18,54,18,12,6,36,30,30,12,56,280,280,56,156,138,120,138,120,156,138,120,138,120,1,660,44.0
1940000,90,48,30,13,30,6,6,6,30,6,6,6,30,24,18,12,32,140,160,29,91,72,54,72,72,90,72,72,72,55,1,349,23.266666666666666
1940000,156,78,42,18,54,18,18,6,48,12,6,6,48,36,18,12,48,240,240,48,156,114,96,114,96,156,114,96,114,96,0,564,37.6
1950000,54,24,24,11,30,12,24,12,18,6,12,0,0,0,0,0,17,105,85,20,53,36,60,36,42,54,36,42,36,59,1,227,15.133333333333333
1950000,72,30,18,12,30,6,12,18,24,0,6,6,12,12,18,12,24,120,120,24,72,54,54,54,54,72,54,54,54,54,0,276,18.4
1960000,132,60,36,12,60,24,24,18,48,30,18,12,18,12,0,0,42,210,210,42,132,96,90,96,90,132,96,90,96,90,0,504,33.6
1960000,132,60,36,12,60,24,24,18,48,30,18,12,18,12,0,0,42,210,210,42,132,96,90,96,90,132,96,90,96,90,1,504,33.6
1970000,1,0,0,0,0,0,0,0,0,0,0,0,0,0,0,0,0,0,1,0,1,0,0,0,0,1,0,0,0,0,1,1,0.06666666666666667
1970000,7,0,0,0,0,0,0,0,0,0,0,0,0,0,0,0,1,0,5,1,7,0,0,0,0,7,0,0,0,0,0,7,0.4666666666666667
1980000,143,72,48,24,60,30,24,18,30,18,18,12,18,12,0,0,44,220,219,44,143,84,108,84,108,143,84,108,84,108,1,527,35.13333333333333
1980000,137,72,48,24,60,30,24,18,30,18,18,12,18,12,0,0,43,220,215,43,137,84,108,84,108,137,84,108,84,108,0,521,34.733333333333334
1990000,96,42,24,12,42,6,12,12,42,18,24,18,30,24,18,12,36,180,180,36,96,96,72,96,72,96,96,72,96,72,1,420,28.0
1990000,120,42,24,12,66,6,12,12,54,18,24,18,30,24,18,12,41,205,205,41,120,114,72,114,72,120,114,72,114,72,0,480,32.0
2000000,72,24,12,6,48,30,18,12,18,12,0,0,0,0,0,0,21,105,105,21,72,48,42,48,42,72,48,42,48,42,1,252,16.8
2000000,48,24,12,6,24,30,18,12,6,12,0,0,0,0,0,0,16,80,80,16,48,30,42,30,42,48,30,42,30,42,0,192,12.8
2010000,168,84,60,30,72,30,30,24,42,24,24,18,12,12,18,12,55,275,275,55,168,108,138,108,138,168,108,138,108,138,0,648,43.2
2010000,348,114,96,78,222,102,96,150,126,36,24,12,6,6,12,0,119,595,595,119,348,252,288,252,288,348,252,288,252,288,1,1428,95.2
2020000,1,0,0,0,0,0,0,0,0,0,0,0,0,0,0,0,0,0,1,0,1,0,0,0,0,0,0,1,0,0,0,1,0.06666666666666667
2020000,24,18,6,6,6,0,0,6,6,0,0,6,6,6,6,12,9,45,45,9,24,18,24,18,24,24,18,24,18,24,1,96,6.4
2030000,215,108,60,36,72,18,12,24,54,24,24,30,24,24,30,36,66,330,329,66,215,132,156,132,156,216,132,155,132,156,0,755,50.333333333333336
2030000,168,78,48,24,78,24,12,12,60,30,24,18,30,24,18,12,55,275,275,55,168,132,114,132,114,168,132,114,132,114,1,648,43.2
2040000,23,6,0,0,18,6,0,0,18,12,0,0,0,0,0,0,7,34,35,7,24,23,6,24,6,23,24,6,24,6,1,83,5.533333333333333
2040000,91,36,24,12,59,12,12,12,60,30,24,18,30,24,18,12,40,194,200,40,96,114,72,120,72,91,120,72,119,72,0,462,30.8
2050000,205,96,78,42,108,36,36,36,78,30,36,36,60,48,36,24,82,411,410,82,204,205,186,204,186,205,204,186,204,186,1,961,64.06666666666666
2050000,77,42,36,18,31,24,18,12,0,0,0,0,0,0,0,0,21,111,105,21,72,30,66,24,66,77,24,66,25,66,0,258,17.2
2060000,96,48,36,18,48,30,18,12,18,12,0,0,0,0,0,0,28,140,140,28,96,48,72,48,72,96,48,72,48,72,1,336,22.4
2060000,168,78,48,24,78,36,24,18,48,18,6,6,30,24,18,12,53,265,265,53,168,120,114,120,114,168,120,114,120,114,0,624,41.6
2070000,72,30,12,6,30,6,6,6,30,6,6,6,30,24,18,12,25,125,125,25,72,72,42,72,42,72,72,42,72,42,1,288,19.2
2070000,1,0,0,0,0,0,0,0,0,0,0,0,0,0,0,0,0,0,1,0,1,0,0,0,0,0,1,0,0,0,0,1,0.06666666666666667
2080000,167,84,60,30,72,24,30,24,60,30,24,18,30,24,18,12,59,295,294,59,167,132,138,132,138,168,131,138,132,138,0,695,46.333333333333336
2080000,168,84,60,30,72,24,30,24,60,30,24,18,30,24,18,12,59,295,295,59,168,132,138,132,138,168,132,138,132,138,1,696,46.4
2090000,78,30,24,12,48,18,24,18,36,24,18,12,6,0,0,0,31,135,155,27,78,60,66,78,66,78,78,66,60,66,0,348,23.2
2090000,1,0,0,0,0,0,0,0,0,0,0,0,0,0,0,0,0,0,1,0,1,0,0,0,0,0,0,1,0,0,1,1,0.06666666666666667
2100000,114,60,36,24,42,30,12,24,12,6,0,0,12,12,0,0,30,170,150,34,114,60,84,42,84,114,42,84,60,84,0,384,25.6
2100000,167,78,48,24,78,36,24,18,48,30,18,12,18,12,0,0,51,255,254,51,167,108,114,108,114,168,108,113,108,114,1,611,40.733333333333334
2110000,90,54,36,18,24,18,12,6,0,0,0,0,0,0,0,0,24,95,120,19,90,18,54,24,72,90,24,72,18,54,1,258,17.2
2110000,270,138,120,90,120,96,102,156,18,6,18,0,12,6,12,0,99,475,495,95,270,126,312,144,312,270,144,312,126,312,0,1164,77.6
2120000,90,36,30,18,54,18,24,30,42,18,24,18,30,24,18,12,38,215,190,43,90,108,102,102,84,90,102,84,108,102,1,474,31.6
2120000,54,24,18,18,30,12,6,24,24,12,6,18,18,18,6,12,23,135,115,27,54,72,60,54,60,54,54,60,72,60,0,288,19.2
2130000,264,114,60,36,114,30,30,36,90,30,30,42,60,54,54,60,92,460,460,92,264,228,192,228,192,264,228,192,228,192,1,1044,69.6
2130000,192,78,48,24,102,36,36,30,72,30,30,24,42,36,36,24,70,350,350,70,192,180,144,180,144,192,180,144,180,144,0,816,54.4
2140000,42,18,12,6,24,6,6,6,25,18,18,12,13,7,0,0,20,75,100,18,43,43,31,60,36,42,60,36,44,31,0,213,14.2
2140000,31,18,18,12,13,6,12,18,9,11,18,12,0,0,0,0,16,66,80,16,36,20,44,30,48,31,30,48,22,47,1,178,11.866666666666667
2150000,210,102,78,42,96,30,36,36,65,30,36,36,29,29,36,24,74,395,370,76,209,173,191,156,186,210,156,186,172,191,0,891,59.4
2150000,221,102,72,36,107,36,36,30,75,31,30,24,42,36,36,24,77,399,385,77,216,190,178,180,174,221,180,174,188,175,1,914,60.93333333333333
2160000,84,42,18,12,18,0,6,12,18,0,6,12,18,18,24,24,26,130,130,26,84,54,60,54,60,84,54,60,54,60,0,288,19.2
2160000,1,0,0,0,0,0,0,0,0,0,0,0,0,0,0,0,0,0,1,0,1,0,0,0,0,0,0,1,0,0,1,1,0.06666666666666667
2170000,168,78,48,24,78,24,12,12,60,30,24,18,30,24,18,12,55,275,275,55,168,132,114,132,114,168,132,114,132,114,0,648,43.2
2170000,167,78,48,24,78,24,12,12,60,30,24,18,30,24,18,12,55,275,274,55,167,132,114,132,114,168,132,113,132,114,1,647,43.13333333333333
2180000,132,54,42,12,78,18,24,12,60,30,24,18,30,24,18,12,49,245,245,49,132,132,96,132,96,132,132,96,132,96,0,576,38.4
2180000,96,36,24,12,60,12,12,12,60,30,24,18,30,24,18,12,40,200,200,40,96,120,72,120,72,96,120,72,120,72,1,468,31.2
2190000,72,42,36,18,30,24,18,12,0,0,0,0,0,0,0,0,21,105,105,21,72,24,66,24,66,72,24,66,24,66,1,252,16.8
2190000,36,24,18,18,12,18,6,12,0,0,0,0,0,0,0,0,12,60,60,12,36,12,42,12,42,36,12,42,12,42,0,144,9.6
2200000,168,78,48,24,78,36,24,18,48,18,6,6,30,24,18,12,53,265,265,53,168,120,114,120,114,168,120,114,120,114,1,624,41.6
2200000,168,78,48,24,78,36,24,18,48,18,6,6,30,24,18,12,53,265,265,53,168,120,114,120,114,168,120,114,120,114,0,624,41.6
2210000,19,6,0,0,13,6,0,0,17,6,0,0,18,12,0,0,9,34,45,9,24,25,6,36,6,19,36,6,30,6,0,97,6.466666666666667
2210000,1,0,0,0,0,0,0,0,0,0,0,0,0,0,0,0,0,0,1,0,1,0,0,0,0,0,1,0,0,0,1,1,0.06666666666666667
2220000,167,84,60,30,72,24,30,24,60,30,24,18,30,24,18,12,59,295,294,59,167,132,138,132,138,168,131,138,132,138,1,695,46.333333333333336
2220000,149,78,60,30,59,18,30,24,43,24,24,18,12,12,18,12,50,261,250,50,144,107,132,96,132,149,96,132,102,132,0,599,39.93333333333333
2230000,126,42,30,12,72,24,24,18,48,30,18,12,18,12,0,0,42,195,210,39,126,102,72,102,84,126,102,84,102,72,0,486,32.4
2230000,198,78,78,72,120,78,84,144,42,0,0,0,0,0,0,0,76,365,380,73,198,114,228,126,228,198,126,228,114,228,1,894,59.6
2240000,42,36,18,12,6,12,0,0,0,0,0,0,0,0,0,0,9,60,45,12,42,6,42,6,30,42,6,30,6,42,0,126,8.4
2240000,198,72,36,18,114,30,6,6,96,42,18,12,18,12,0,0,55,290,275,58,198,156,90,144,90,198,144,90,156,90,1,678,45.2
2250000,240,120,60,30,72,30,30,24,42,18,24,18,30,24,18,12,66,330,330,66,240,120,156,120,156,240,120,156,120,156,0,780,52.0
2250000,120,66,48,18,42,24,30,12,12,6,18,0,6,6,12,0,35,175,175,35,120,54,96,54,96,120,54,96,54,96,1,420,28.0
2260000,72,30,12,12,30,6,0,12,30,12,6,18,24,18,6,12,25,125,125,25,72,66,48,66,48,72,66,48,66,48,1,288,19.2
2260000,1,0,0,0,0,0,0,0,0,0,0,0,0,0,0,0,0,0,1,0,1,0,0,0,0,0,0,1,0,0,0,1,0.06666666666666667
2270000,191,78,48,24,102,36,36,30,72,42,42,30,30,24,18,12,68,340,339,68,191,168,144,168,144,192,168,143,168,144,0,803,53.53333333333333
2270000,264,108,60,36,132,42,36,42,102,54,48,48,54,42,24,24,93,465,465,93,264,234,192,234,192,264,234,192,234,192,1,1092,72.8
2280000,48,24,12,6,12,0,6,6,12,0,6,6,12,12,18,12,16,80,80,16,48,36,36,36,36,48,36,36,36,36,1,180,12.0
2280000,84,30,18,6,54,30,24,12,24,18,12,0,0,0,0,0,26,130,130,26,84,60,54,60,54,84,60,54,60,54,0,312,20.8
2290000,192,90,60,30,90,42,30,24,42,24,24,18,12,12,18,12,60,300,300,60,192,120,144,120,144,192,120,144,120,144,1,708,47.2
2290000,108,60,42,24,36,12,6,12,18,6,12,18,12,12,18,12,34,170,170,34,108,60,90,60,90,108,60,90,60,90,0,396,26.4
2300000,192,90,60,30,90,24,18,18,72,30,30,24,42,36,36,24,68,340,340,68,192,168,144,168,144,192,168,144,168,144,0,792,52.8
2300000,36,12,12,6,12,0,6,6,12,0,6,6,12,12,18,12,14,70,70,14,36,36,30,36,30,36,36,30,36,30,1,156,10.4
2310000,1,0,0,0,0,0,0,0,0,0,0,0,0,0,0,0,0,0,1,0,1,0,0,0,0,0,1,0,0,0,0,1,0.06666666666666667
2310000,156,78,48,24,78,24,12,12,60,30,24,18,30,24,18,12,54,270,270,54,156,132,114,132,114,156,132,114,132,114,1,636,42.4
2320000,138,54,42,12,84,18,24,12,66,30,24,18,30,24,18,12,52,245,260,49,138,132,96,144,96,138,144,96,132,96,1,594,39.6
2320000,197,90,66,36,108,42,31,31,78,42,24,18,30,24,18,12,73,340,364,70,198,168,145,174,162,198,173,162,168,146,0,835,55.666666666666664
2330000,78,36,30,18,42,18,11,17,30,12,0,0,0,0,0,0,22,135,110,25,77,48,71,42,54,78,42,54,48,70,0,292,19.466666666666665
2330000,54,30,18,18,24,24,6,12,12,12,0,0,0,0,0,0,16,95,80,19,54,36,48,24,48,54,24,48,36,48,1,210,14.0
2340000,192,102,72,36,78,36,24,18,48,18,6,6,30,24,18,12,60,300,300,60,192,120,144,120,144,192,120,144,120,144,1,708,47.2
2340000,397,151,114,90,234,108,90,150,138,30,6,6,30,24,18,12,133,665,667,133,397,282,318,282,319,396,282,320,282,318,0,1586,105.73333333333333
2350000,36,12,6,6,24,12,6,12,18,12,0,0,0,0,0,0,12,60,60,12,36,30,24,30,24,36,30,24,30,24,1,144,9.6
2350000,75,21,6,6,54,21,6,12,48,20,0,0,30,14,0,0,25,125,138,25,75,84,30,91,33,74,93,32,84,30,0,313,20.866666666666667
2360000,324,150,90,54,138,36,36,48,126,42,30,42,96,78,54,60,117,585,585,117,324,294,246,294,246,324,294,246,294,246,1,1344,89.6
2360000,188,92,66,30,84,27,36,24,72,34,30,18,42,40,30,12,70,350,335,70,188,168,156,161,152,190,159,152,168,156,0,813,54.2
2370000,61,25,18,6,36,12,18,6,30,6,6,6,30,24,18,12,26,130,132,26,61,78,48,78,49,60,78,50,78,48,1,302,20.133333333333333
2370000,138,54,36,18,84,30,30,24,72,36,24,18,42,30,18,12,58,265,290,53,138,150,102,168,108,138,168,108,150,102,0,654,43.6
2380000,701,299,240,60,318,78,132,36,216,102,120,24,84,48,48,0,211,1035,1053,207,701,456,438,462,449,702,462,448,456,438,1,2506,167.06666666666666
2380000,786,324,270,60,366,84,162,36,240,102,138,24,102,48,60,0,231,1180,1155,236,786,522,498,504,492,786,504,492,522,498,0,2802,186.8
2390000,612,288,174,96,288,126,90,90,192,118,96,84,78,66,60,48,208,1045,1044,209,612,468,480,472,474,610,474,474,468,480,1,2458,163.86666666666667
2390000,618,328,178,132,264,150,63,108,180,132,69,90,84,102,56,60,217,1080,1101,216,618,474,516,482,524,614,484,526,474,516,0,2554,170.26666666666668
2400000,600,278,206,90,286,90,87,54,204,84,69,42,108,78,64,36,199,995,983,199,600,456,438,452,430,602,452,428,456,438,0,2340,156.0
2400000,589,306,192,126,264,132,66,90,198,116,42,60,120,108,48,48,208,1050,1036,211,589,480,486,470,480,591,468,480,480,486,1,2457,163.8
2410000,600,276,192,78,278,108,120,60,174,84,96,36,84,66,60,24,197,965,981,193,600,426,432,440,438,602,438,438,426,432,0,2312,154.13333333333333
2410000,619,241,198,48,312,66,132,36,192,54,96,18,90,48,66,12,185,930,928,185,619,426,378,426,379,617,427,380,426,378,1,2216,147.73333333333332
2420000,616,347,192,156,258,168,60,126,175,126,54,96,90,108,60,72,227,1120,1132,225,617,474,564,486,563,618,485,562,475,564,1,2632,175.46666666666667
2420000,588,312,186,132,264,132,60,108,186,120,60,90,96,96,60,60,213,1060,1065,212,588,474,504,474,510,588,474,510,474,504,0,2490,166.0
2430000,654,240,210,48,342,72,150,48,228,66,114,36,114,60,78,24,204,1050,1020,210,654,504,426,486,414,654,486,414,504,426,0,2460,164.0
2430000,673,252,204,42,349,73,145,39,227,72,114,30,120,60,66,12,207,1027,1035,209,674,505,393,498,408,673,498,408,504,395,1,2466,164.4
2440000,653,366,210,162,275,161,53,117,186,138,72,102,84,102,54,60,231,1178,1155,231,651,491,591,486,576,653,486,576,491,589,1,2735,182.33333333333334
2440000,660,372,210,162,288,174,60,120,192,132,54,90,102,114,54,60,237,1185,1185,237,660,510,582,510,582,660,510,582,510,582,0,2784,185.6
2450000,650,258,204,48,319,90,150,36,210,72,90,18,102,54,54,12,197,985,988,197,650,456,402,457,402,649,458,402,456,402,1,2355,157.0
2450000,678,270,222,54,336,78,144,42,222,72,108,30,108,48,54,12,209,1020,1045,204,678,468,420,486,426,678,486,426,468,420,0,2466,164.4
2460000,601,294,180,114,283,120,72,102,194,114,84,84,85,78,60,48,209,1045,1050,209,601,468,486,472,486,600,473,486,468,486,1,2465,164.33333333333334
2460000,624,330,186,138,270,144,66,114,186,126,72,90,90,102,66,60,222,1110,1110,222,624,492,528,480,540,624,480,540,492,528,0,2604,173.6
2470000,597,306,192,120,268,132,84,96,202,120,72,66,119,120,66,60,219,1095,1087,219,597,510,504,505,504,599,503,504,510,504,1,2560,170.66666666666666
2470000,582,294,198,114,252,102,78,84,198,120,90,84,102,96,48,48,205,1050,1025,210,582,468,498,462,480,582,462,480,468,498,0,2442,162.8
2480000,204,108,66,42,72,12,18,36,66,30,36,42,30,24,18,12,68,340,340,68,204,138,168,138,168,204,138,168,138,168,1,804,53.6
2480000,96,48,18,12,36,12,12,18,30,12,6,6,12,12,18,12,30,150,150,30,96,66,66,66,66,96,66,66,66,66,0,348,23.2
2490000,96,42,36,18,54,6,18,18,54,30,42,30,30,24,18,12,44,220,220,44,96,120,96,120,96,96,120,96,120,96,0,516,34.4
2490000,108,48,36,18,60,12,18,18,60,42,42,30,30,24,18,12,48,240,240,48,108,132,102,132,102,108,132,102,132,102,1,564,37.6
2500000,1,0,0,0,0,0,0,0,0,0,0,0,0,0,0,0,0,0,1,0,1,0,0,0,0,0,1,0,0,0,1,1,0.06666666666666667
2500000,24,6,0,0,18,12,0,0,0,0,0,0,0,0,0,0,5,25,25,5,24,12,6,12,6,24,12,6,12,6,0,60,4.0
2510000,1,0,0,0,0,0,0,0,0,0,0,0,0,0,0,0,0,0,1,0,1,0,0,0,0,0,0,1,0,0,0,1,0.06666666666666667
2510000,23,6,0,0,18,12,0,0,0,0,0,0,0,0,0,0,5,25,24,5,23,12,6,12,6,24,11,6,12,6,1,59,3.933333333333333
2520000,23,12,12,6,12,0,6,6,12,0,6,6,12,12,18,12,13,65,64,13,23,36,30,36,30,24,36,29,36,30,0,143,9.533333333333333
2520000,24,12,12,6,12,0,6,6,12,0,6,6,12,12,18,12,13,65,65,13,24,36,30,36,30,24,36,30,36,30,1,144,9.6
2530000,36,12,0,0,24,12,0,0,24,18,0,0,6,12,0,0,12,60,60,12,36,42,12,42,12,36,42,12,42,12,0,144,9.6
2530000,48,18,12,6,30,6,6,6,30,24,18,12,0,0,0,0,18,90,90,18,48,48,36,48,36,48,48,36,48,36,1,216,14.4
2540000,1,0,0,0,0,0,0,0,0,0,0,0,0,0,0,0,0,0,1,0,1,0,0,0,0,0,0,1,0,0,1,1,0.06666666666666667
2540000,36,24,24,12,12,0,0,0,0,0,0,0,0,0,0,0,9,45,45,9,36,6,30,6,30,36,6,30,6,30,0,108,7.2
2550000,35,24,24,12,12,0,0,0,0,0,0,0,0,0,0,0,9,45,44,9,35,6,30,6,30,36,6,29,6,30,1,107,7.133333333333334
2550000,1,0,0,0,0,0,0,0,0,0,0,0,0,0,0,0,0,0,1,0,1,0,0,0,0,0,1,0,0,0,0,1,0.06666666666666667
2560000,72,30,12,6,30,6,6,6,30,6,6,6,30,24,18,12,25,125,125,25,72,72,42,72,42,72,72,42,72,42,1,288,19.2
2560000,35,12,6,0,24,6,6,0,24,6,6,0,24,18,12,0,15,75,74,15,35,54,18,54,18,36,53,18,54,18,0,179,11.933333333333334
2570000,48,18,18,6,30,12,24,12,18,6,12,0,0,0,0,0,17,85,85,17,48,36,42,36,42,48,36,42,36,42,0,204,13.6
2570000,36,12,12,6,24,12,18,12,12,0,0,0,0,0,0,0,12,60,60,12,36,24,30,24,30,36,24,30,24,30,1,144,9.6
2580000,24,12,12,0,0,0,0,0,0,0,0,0,0,0,0,0,4,20,20,4,24,0,12,0,12,24,0,12,0,12,0,48,3.2
2580000,1,0,0,0,0,0,0,0,0,0,0,0,0,0,0,0,0,0,1,0,1,0,0,0,0,1,0,0,0,0,1,1,0.06666666666666667
2590000,35,24,12,0,0,0,0,0,0,0,0,0,0,0,0,0,6,30,29,6,35,0,18,0,18,35,0,18,0,18,1,71,4.733333333333333
2590000,12,12,0,0,0,0,0,0,0,0,0,0,0,0,0,0,2,10,10,2,12,0,6,0,6,12,0,6,0,6,0,24,1.6
2600000,48,18,12,6,30,6,6,6,30,18,18,12,18,12,0,0,20,100,100,20,48,60,36,60,36,48,60,36,60,36,0,240,16.0
2600000,48,18,12,6,30,6,6,6,30,18,18,12,18,12,0,0,20,100,100,20,48,60,36,60,36,48,60,36,60,36,1,240,16.0
2610000,60,18,6,0,42,24,12,0,18,12,0,0,0,0,0,0,16,80,80,16,60,42,24,42,24,60,42,24,42,24,1,192,12.8
2610000,96,36,24,12,60,30,24,18,30,24,18,12,0,0,0,0,32,160,160,32,96,72,72,72,72,96,72,72,72,72,0,384,25.6
2620000,12,6,6,6,6,6,6,12,0,0,0,0,0,0,0,0,5,25,25,5,12,6,18,6,18,12,6,18,6,18,1,60,4.0
2620000,12,6,6,6,6,0,0,6,6,6,6,12,0,0,0,0,6,30,30,6,12,12,18,12,18,12,12,18,12,18,0,72,4.8
2630000,72,48,36,18,12,0,6,6,12,0,6,6,12,12,18,12,23,115,115,23,72,36,66,36,66,72,36,66,36,66,1,264,17.6
2630000,60,30,18,12,18,0,6,12,18,6,12,18,12,12,18,12,22,110,110,22,60,48,54,48,54,60,48,54,48,54,0,252,16.8
2640000,72,30,24,18,42,6,6,18,42,24,18,24,12,12,12,24,32,160,160,32,72,84,72,84,72,72,84,72,84,72,1,360,24.0
2640000,84,30,18,12,54,12,6,12,54,36,24,24,18,12,0,0,33,165,165,33,84,96,60,96,60,84,96,60,96,60,0,396,26.4
2650000,48,30,24,12,18,12,0,0,0,0,0,0,0,0,0,0,12,60,60,12,48,12,36,12,36,48,12,36,12,36,0,144,9.6
2650000,1,0,0,0,0,0,0,0,0,0,0,0,0,0,0,0,0,0,1,0,1,0,0,0,0,0,0,1,0,0,1,1,0.06666666666666667
2660000,1,0,0,0,0,0,0,0,0,0,0,0,0,0,0,0,0,0,1,0,1,0,0,0,0,0,1,0,0,0,0,1,0.06666666666666667
2660000,47,30,24,12,18,12,0,0,0,0,0,0,0,0,0,0,12,60,59,12,47,12,36,12,36,48,12,35,12,36,1,143,9.533333333333333
2670000,48,18,12,6,30,6,6,6,30,6,6,6,30,24,18,12,22,110,110,22,48,72,36,72,36,48,72,36,72,36,1,252,16.8
2670000,47,18,12,6,30,6,6,6,30,6,6,6,30,24,18,12,22,110,109,22,47,72,36,72,36,48,71,36,72,36,0,251,16.733333333333334
2680000,48,18,12,6,30,18,18,12,18,12,0,0,0,0,0,0,16,80,80,16,48,36,36,36,36,48,36,36,36,36,0,192,12.8
2680000,48,18,12,6,30,18,18,12,18,12,0,0,0,0,0,0,16,80,80,16,48,36,36,36,36,48,36,36,36,36,1,192,12.8
2690000,1,0,0,0,0,0,0,0,0,0,0,0,0,0,0,0,0,0,1,0,1,0,0,0,0,1,0,0,0,0,1,1,0.06666666666666667
2690000,12,0,0,0,0,0,0,0,0,0,0,0,0,0,0,0,1,5,5,1,12,0,0,0,0,12,0,0,0,0,0,12,0.8
2700000,47,36,24,12,0,0,0,0,0,0,0,0,0,0,0,0,10,50,49,10,47,0,36,0,36,47,0,36,0,36,1,119,7.933333333333334
2700000,36,36,24,12,0,0,0,0,0,0,0,0,0,0,0,0,9,45,45,9,36,0,36,0,36,36,0,36,0,36,0,108,7.2
2710000,48,18,12,6,30,6,6,6,30,18,18,12,18,12,0,0,20,100,100,20,48,60,36,60,36,48,60,36,60,36,1,240,16.0
2710000,72,30,24,12,42,6,12,12,42,18,24,18,30,24,18,12,33,165,165,33,72,96,66,96,66,72,96,66,96,66,0,384,25.6
2720000,48,18,12,6,30,24,18,12,0,0,0,0,0,0,0,0,14,70,70,14,48,24,36,24,36,48,24,36,24,36,0,168,11.2
2720000,42,18,12,6,24,18,12,7,0,0,0,0,0,0,0,0,14,45,70,10,43,18,18,24,36,42,24,36,18,19,1,139,9.266666666666667
2730000,1,0,0,0,0,0,0,0,0,0,0,0,0,0,0,0,0,0,1,0,1,0,0,0,0,0,0,1,0,0,0,1,0.06666666666666667
2730000,18,6,6,6,12,6,6,11,6,6,6,12,0,0,0,0,6,55,30,10,17,18,36,12,18,18,12,18,18,35,1,101,6.733333333333333
2740000,47,24,12,6,12,0,6,6,12,0,6,6,12,12,18,12,16,80,79,16,47,36,36,36,36,48,36,35,36,36,0,179,11.933333333333334
2740000,48,24,12,6,12,0,6,6,12,0,6,6,12,12,18,12,16,80,80,16,48,36,36,36,36,48,36,36,36,36,1,180,12.0
2750000,48,18,12,6,30,6,6,6,30,24,18,12,0,0,0,0,18,90,90,18,48,48,36,48,36,48,48,36,48,36,1,216,14.4
2750000,48,18,12,6,30,6,6,6,30,24,18,12,0,0,0,0,18,90,90,18,48,48,36,48,36,48,48,36,48,36,0,216,14.4
2760000,6,6,6,0,0,0,0,0,0,0,0,0,0,0,0,0,3,0,15,0,6,0,0,0,12,6,0,12,0,0,1,18,1.2
2760000,48,30,24,12,18,12,0,0,0,0,0,0,0,0,0,0,12,60,60,12,48,12,36,12,36,48,12,36,12,36,0,144,9.6
2770000,1,0,0,0,0,0,0,0,0,0,0,0,0,0,0,0,0,0,1,0,1,0,0,0,0,0,1,0,0,0,0,1,0.06666666666666667
2770000,42,24,18,12,18,12,0,0,0,0,0,0,0,0,0,0,9,60,45,12,42,12,36,12,24,42,12,24,12,36,1,126,8.4
2780000,48,18,12,6,30,6,6,6,30,6,6,6,30,24,18,12,22,110,110,22,48,72,36,72,36,48,72,36,72,36,1,252,16.8
2780000,47,18,12,6,30,6,6,6,30,6,6,6,30,24,18,12,22,110,109,22,47,72,36,72,36,48,71,36,72,36,0,251,16.733333333333334
2790000,96,36,24,12,60,24,24,18,48,30,18,12,18,12,0,0,36,180,180,36,96,96,72,96,72,96,96,72,96,72,1,432,28.8
2790000,84,30,24,12,54,18,24,18,42,24,18,12,12,0,0,0,31,155,155,31,84,78,66,78,66,84,78,66,78,66,0,372,24.8
2800000,1,0,0,0,0,0,0,0,0,0,0,0,0,0,0,0,0,0,1,0,1,0,0,0,0,1,0,0,0,0,1,1,0.06666666666666667
2800000,24,12,12,12,12,0,0,12,12,12,12,24,0,0,0,0,12,60,60,12,24,24,36,24,36,24,24,36,24,36,0,144,9.6
2810000,48,36,24,12,0,0,0,0,0,0,0,0,0,0,0,0,10,50,50,10,48,0,36,0,36,48,0,36,0,36,0,120,8.0
2810000,47,36,24,12,0,0,0,0,0,0,0,0,0,0,0,0,10,50,49,10,47,0,36,0,36,47,0,36,0,36,1,119,7.933333333333334
2820000,48,18,12,6,30,6,6,6,30,18,18,12,18,12,0,0,20,100,100,20,48,60,36,60,36,48,60,36,60,36,1,240,16.0
2820000,108,48,30,18,48,6,12,18,48,24,30,30,30,24,18,12,42,210,210,42,108,108,90,108,90,108,108,90,108,90,0,492,32.8
2830000,60,18,12,6,42,24,18,12,12,0,0,0,0,0,0,0,17,85,85,17,60,36,36,36,36,60,36,36,36,36,0,204,13.6
2830000,60,18,12,0,42,18,18,0,18,6,12,0,0,0,0,0,17,85,85,17,60,42,30,42,30,60,42,30,42,30,1,204,13.6
2840000,1,0,0,0,0,0,0,0,0,0,0,0,0,0,0,0,0,0,1,0,1,0,0,0,0,0,0,1,0,0,0,1,0.06666666666666667
2840000,12,6,6,6,6,6,6,12,0,0,0,0,0,0,0,0,5,25,25,5,12,6,18,6,18,12,6,18,6,18,1,60,4.0
2850000,59,36,24,6,12,0,6,6,12,0,6,6,12,12,18,12,19,95,94,19,59,36,48,36,48,60,36,47,36,48,0,215,14.333333333333334
2850000,60,36,24,6,12,0,6,6,12,0,6,6,12,12,18,12,19,95,95,19,60,36,48,36,48,60,36,48,36,48,1,216,14.4
2860000,60,18,12,6,42,6,6,6,42,24,18,12,12,0,0,0,22,110,110,22,60,66,36,66,36,60,66,36,66,36,1,264,17.6
2860000,60,18,12,6,42,6,6,6,42,24,18,12,12,0,0,0,22,110,110,22,60,66,36,66,36,60,66,36,66,36,0,264,17.6
2870000,1,0,0,0,0,0,0,0,0,0,0,0,0,0,0,0,0,0,1,0,1,0,0,0,0,0,0,1,0,0,1,1,0.06666666666666667
2870000,36,18,18,0,18,6,12,0,0,0,0,0,0,0,0,0,9,45,45,9,36,12,24,12,24,36,12,24,12,24,0,108,7.2
2880000,59,36,30,12,24,18,12,0,0,0,0,0,0,0,0,0,16,80,79,16,59,18,48,18,48,60,18,47,18,48,1,191,12.733333333333333
2880000,48,24,12,12,24,18,0,0,18,12,0,0,0,0,0,0,14,70,70,14,48,30,30,30,30,48,30,30,30,30,0,168,11.2
2890000,96,54,36,18,30,6,6,6,30,6,6,6,30,24,18,12,32,160,160,32,96,72,72,72,72,96,72,72,72,72,0,372,24.8
2890000,72,30,12,6,30,6,6,6,30,6,6,6,30,24,18,12,25,125,125,25,72,72,42,72,42,72,72,42,72,42,1,288,19.2
2900000,96,36,24,12,60,24,24,18,48,30,18,12,18,12,0,0,36,180,180,36,96,96,72,96,72,96,96,72,96,72,1,432,28.8
2900000,72,30,24,12,42,18,24,18,30,24,18,12,0,0,0,0,27,135,135,27,72,60,66,60,66,72,60,66,60,66,0,324,21.6
2910000,1,0,0,0,0,0,0,0,0,0,0,0,0,0,0,0,0,0,1,0,1,0,0,0,0,0,1,0,0,0,0,1,0.06666666666666667
2910000,1,0,0,0,0,0,0,0,0,0,0,0,0,0,0,0,0,0,1,0,1,0,0,0,0,0,1,0,0,0,1,1,0.06666666666666667
2920000,665,268,238,60,300,72,138,42,186,60,102,12,78,36,48,0,192,955,967,191,665,402,414,402,422,664,401,424,402,414,1,2305,153.66666666666666
2920000,671,258,210,48,318,78,138,42,204,72,102,12,90,36,48,0,194,970,969,194,671,432,396,432,396,672,431,396,432,396,0,2327,155.13333333333333
2930000,594,336,181,139,234,132,42,108,174,126,54,90,84,102,54,60,211,1035,1055,209,595,444,505,444,522,594,444,522,444,506,0,2450,163.33333333333334
2930000,564,318,176,132,234,124,42,102,180,135,72,102,90,90,54,60,206,1030,1033,206,564,450,504,457,500,563,458,500,450,504,1,2415,161.0
2940000,582,224,180,36,312,80,126,36,216,75,90,18,120,66,54,12,186,935,919,187,582,468,360,461,356,585,460,354,468,360,1,2215,147.66666666666666
2940000,553,210,179,35,295,66,126,30,187,48,84,12,93,41,60,0,168,841,840,170,557,393,337,408,324,553,408,324,395,339,0,2019,134.6
2950000,575,312,180,150,251,132,42,114,179,114,54,96,93,109,60,72,211,1059,1055,208,570,471,514,462,516,575,462,516,469,511,0,2461,164.06666666666666
2950000,576,324,192,138,228,126,72,102,162,108,72,78,90,102,78,60,209,1045,1045,209,576,444,522,444,522,576,444,522,444,522,1,2448,163.2
2960000,637,252,204,48,325,78,126,36,211,60,84,18,97,48,66,12,192,955,960,195,637,441,390,450,384,637,450,384,441,390,0,2290,152.66666666666666
2960000,589,252,204,72,300,72,84,42,204,66,72,42,102,66,66,36,189,945,946,189,589,444,396,444,396,588,444,397,444,396,1,2233,148.86666666666667
2970000,599,300,174,114,263,132,78,84,185,126,84,72,89,90,48,48,208,1035,1040,203,599,465,474,468,480,599,468,480,465,474,0,2438,162.53333333333333
2970000,602,278,194,97,276,108,114,78,180,96,96,60,78,66,60,48,202,1010,1017,202,602,444,468,444,473,600,445,474,444,468,1,2383,158.86666666666667
2980000,597,310,184,131,264,138,72,114,192,120,54,84,108,108,48,48,215,1075,1067,215,597,480,510,480,505,600,479,503,480,510,1,2524,168.26666666666668
2980000,608,296,199,96,264,108,102,84,180,84,60,54,96,78,54,36,197,1010,990,202,608,438,468,420,465,606,421,466,438,468,0,2363,157.53333333333333
2990000,616,244,191,60,324,84,120,48,198,60,102,36,96,54,72,24,196,965,975,193,616,450,402,462,399,618,461,398,450,402,0,2305,153.66666666666666
2990000,672,258,210,42,354,84,156,42,222,66,120,30,108,54,78,12,209,1045,1045,209,672,498,420,498,420,672,498,420,498,420,1,2496,166.4
3000000,666,378,216,168,276,168,60,126,198,144,54,96,108,120,60,72,241,1220,1205,244,666,528,600,516,600,666,516,600,528,600,0,2838,189.2
3000000,666,372,210,168,282,174,54,126,186,138,48,96,90,102,48,72,238,1170,1190,234,666,486,588,504,588,666,504,588,486,588,1,2760,184.0
3010000,771,374,260,126,300,90,91,66,204,114,85,60,102,90,60,48,236,1180,1189,236,771,486,546,488,550,769,489,551,486,546,0,2793,186.2
3010000,708,322,214,102,288,90,72,66,210,102,60,54,126,114,78,60,220,1115,1108,223,708,510,474,492,482,706,492,484,510,474,1,2606,173.73333333333332
3020000,591,331,266,180,228,78,90,78,132,54,72,60,84,78,60,48,203,1016,1007,204,594,372,548,372,544,593,372,542,372,551,1,2382,158.8
3020000,525,280,220,150,210,84,65,72,114,36,41,48,84,78,60,48,177,885,876,177,525,336,462,334,458,527,333,457,336,462,0,2067,137.8
3030000,654,294,234,150,300,114,108,114,199,66,66,66,84,48,30,36,215,1060,1075,213,655,426,522,438,522,654,438,522,427,522,0,2527,168.46666666666667
3030000,590,301,222,132,240,114,90,72,132,48,42,36,54,42,24,24,180,903,900,180,588,324,465,324,462,590,324,462,324,463,1,2139,142.6
3040000,522,240,156,84,270,78,72,84,203,138,102,102,66,54,42,36,186,945,930,188,521,450,420,438,420,522,438,420,449,420,0,2213,147.53333333333333
3040000,601,258,186,114,330,90,84,114,252,150,114,114,84,48,30,36,217,1086,1085,217,600,516,487,516,486,601,516,486,516,486,1,2569,171.26666666666668
3050000,793,372,258,138,397,150,120,84,264,102,78,72,168,138,84,48,272,1360,1362,272,793,642,594,643,594,792,644,594,642,594,0,3218,214.53333333333333
3050000,702,342,222,120,336,132,108,72,241,85,60,72,174,144,96,48,248,1220,1240,246,703,588,529,600,534,702,600,534,589,529,1,2906,193.73333333333332
3060000,647,312,210,96,299,96,78,72,210,90,78,66,96,90,78,60,215,1075,1073,215,647,486,480,485,480,648,484,480,486,480,0,2518,167.86666666666667
3060000,670,294,198,108,348,114,96,90,233,107,102,72,90,96,84,72,229,1165,1149,231,669,552,509,540,504,670,540,504,551,509,1,2702,180.13333333333333
3070000,612,294,204,126,282,102,108,96,162,66,78,60,60,30,24,24,194,970,970,194,612,378,480,378,480,612,378,480,378,480,0,2304,153.6
3070000,626,324,228,144,270,84,96,102,168,72,84,72,72,30,24,24,203,1005,1011,201,626,378,516,384,516,626,384,516,378,516,1,2396,159.73333333333332
3080000,540,246,180,120,258,96,72,96,180,90,72,78,66,36,30,36,183,915,915,183,540,390,438,390,438,540,390,438,390,438,0,2160,144.0
3080000,540,222,156,108,270,108,78,96,174,78,66,78,54,18,18,36,176,870,880,174,540,372,402,378,408,540,378,408,372,402,1,2064,137.6
3090000,396,258,198,126,138,12,36,60,114,60,78,90,54,6,6,12,137,685,685,137,396,228,396,228,396,396,228,396,228,396,0,1632,108.8
3090000,399,228,222,120,173,18,42,78,138,66,78,102,78,48,42,60,156,796,780,160,402,320,432,312,426,399,312,426,323,432,1,1832,122.13333333333334
3100000,315,174,174,114,139,6,18,72,132,54,66,102,78,18,18,36,126,634,630,126,312,262,342,258,342,315,258,342,259,342,1,1480,98.66666666666667
3100000,343,216,168,114,127,6,24,60,121,61,83,96,60,0,0,0,125,604,625,125,348,218,337,228,348,343,228,348,218,342,0,1479,98.6
3110000,389,192,138,78,185,6,36,42,185,95,115,84,36,0,0,0,130,671,650,130,384,292,317,282,306,389,282,306,292,312,0,1581,105.4
3110000,432,186,180,102,234,6,42,78,234,108,138,132,72,24,24,48,170,850,850,170,432,408,396,408,396,432,408,396,408,396,1,1992,132.8
3120000,405,210,192,114,197,6,42,54,186,102,132,102,54,6,6,12,152,756,760,152,408,320,384,324,384,405,324,384,323,384,0,1808,120.53333333333333
3120000,378,204,198,96,175,6,42,60,163,91,121,97,54,18,18,36,149,715,745,148,379,307,369,318,384,378,318,384,308,369,1,1721,114.73333333333333
3130000,627,288,198,120,337,102,102,96,240,66,60,66,144,96,66,60,222,1114,1110,222,624,538,486,534,486,627,534,486,535,486,0,2608,173.86666666666667
3130000,559,229,168,102,329,90,96,72,239,59,65,59,144,84,54,36,196,1010,982,197,558,509,417,498,403,558,498,404,508,417,1,2349,156.6
3140000,486,282,228,120,192,66,102,84,109,55,79,49,42,48,54,36,172,830,860,170,487,300,459,312,474,486,312,474,301,459,0,1996,133.06666666666666
3140000,503,269,198,114,210,72,90,96,126,66,72,54,42,48,54,36,171,855,853,171,503,324,450,324,449,504,324,448,324,450,1,2014,134.26666666666668
3150000,747,369,288,198,366,134,114,90,204,98,96,66,84,42,42,36,247,1235,1245,247,747,492,618,496,621,746,497,621,492,618,1,2938,195.86666666666667
3150000,762,348,258,180,390,144,102,90,227,107,83,53,96,48,36,24,243,1245,1215,245,761,522,585,510,570,762,510,570,521,585,0,2924,194.93333333333334
